arrival_date;arrival_date_calc;cargo_list;crew_number;forced_arrival;master_name;master_role;parsed_text;passenger_account;publication_day;quarantine;raw_text;ship_flag;ship_name;ship_tons_capacity;ship_tons_unit;ship_type;source_file;travel_departure_port;travel_duration_unit;travel_duration_value
;;;;;Aberasturi;cap.;;;;;cap. Aberasturi, trip. 38, tons. 1,371. con carga;;;;;;1888_01_01;;;
Día 17:;;N/A: ;;;Cosk;cap.;;;;;-Boston en 17 di berg amer. Benjamin Dickerman, cap. Cosk, trip. 10, tons. 412: con carga general á la ó den.;amer.;Benjamin Dickerman;;;berg;1888_01_01;Boston;;
Día 1:;;N/A:  | N/A: ;;;Haulon;cap.;;;;;-Tampa y Cayo Hueso en 1 dias, vap. americano Mascotte, cap. Haulon, trip. 85, tons. 520:;americano;Mascotte;;;vap.;1888_01_01;Tampa y Cayo Hueso;;
Día 20:;;N/A: ;;;Recio;cap.;;;;;-Filadelfia en 20 dias, bea. amer. Alice, cap. Recio, trip. 10, tons. 479: con carbon á L. V. Placé.;amer.;Alice;;;bea.;1888_01_03;Filadelfia;;
;;;;;Mc. Kay;cap.;;;;;Olivette, cap. Mc. Kay, trip. 44, tons. 1,104: en;;Olivette;;;;1888_01_03;;;
Día 3:;03-01-YYYY;;;;Paupe;cap.;;;;;Dia 3 de enero: De Cardiff en 24 dias vap. aleman Etna, cap. Paupe,;aleman;Etna;;;vap.;1888_01_04;Cardiff;;
;;N/A: ;;;Hodg Kison;cap.;;;;;cap. Hodg Kison, trip. 9, tons. 419: con carbon, &;;;;;;1888_01_04;;;
Día 1:;;N/A: ;;;Stevens;cap.;;;;;Dia 1: De Nueva York en 5 dias, vap. amer. Manhattan, capitan Stevens, trip. 39, tons. 1,154: con efectos á;amer.;Manhattan;;;vap.;1888_01_05;Nueva York;;
Día 5:;;N/A:  | N/A: ;;;Backer;cap.;;;;;-Nueva Orleans y escalas en 5 dias vap. americano Hutchinson, cap. Backer, trip. 35, tons. 909:;americano;Hutchinson;;;vap.;1888_01_05;Nueva Orleans;;
Día 1:;;N/A:  | N/A: ;;;Haulon;cap.;;;;;-Tampa y Cayo Hueso en 1 dias, vap. americano Mascotte, cap. Haulon. trip 35, tons. 520:;americano;Mascotte;;;vap.;1888_01_05;Tampa y Cayo Hueso;;
;;N/A: ;;;Baurey;cap.;;;;;Gil on, cap. Baurey, trip. 5, tons. 5, en lastre á;;Gil on;;;;1888_01_05;;;
Dia 5:;;N/A: ;;;Curtis;cap.;;;;;Dia 5: De Nueva York'en 4 dias vap. amer. Saratoga, capitan Curtis, trip. 60, tons. 1,692: con carga general, á Hidalgo y Cp.;amer.;Saratoga;;;vap.;1888_01_06;Nueva York;;
;;N/A: ;;;Rose;cap.;;;;;Spring, cap. Rose, trip. 9, tons. 479: con madera;;Spring;;;;1888_01_06;;;
;;N/A:  | N/A: ;;;Weeks;cap.;;;;;cap. Weeks, trip. 10, tons. 494: con carbon, & L.;;;;;trip.;1888_01_07;;;
Día 16:;;N/A:  | N/A:  | N/A: ;;;Giggs;cap.;;;;;carga generals Hidalgo y Cp. -Filadelfia en 16 dios berg. amer. Onolaska, capltan Giggs, trip. 10, tons. 452: eon carbon y petróleo & G. Sastre.;amer.;Onolaska;;;berg.;1888_01_08;Filadelfia;;
Día 8:;;N/A:  | N/A:  | N/A: ;;;Ugalde;cap.;;;;;Dia 8: De Hamburgo y Amberes en 81 dias, vap. esp. Carorolina, cap. Ugalde, trip. 40, tons. 1,850 , con;esp.;Carorolina;;;vap.;1888_01_10;Hamburgo y Amberes;;
;;N/A: ;;;Larriñaga;cap.;;;;;cap. Larriñaga, trip. 36, tons. 1,331, con carga;;;;;;1888_01_10;;;
Día 9:;;N/A:  | N/A: ;;;Maresma;cap.;;;;;Trujillo en 9 dias. gol. esp. Candor, cap. Maresma, trip. 7. tons. 71, con lastre, & M. Suárez .;esp.;Candor;;;gol.;1888_01_10;Trujillo;;
;;N/A:  | N/A: ;;;Haulon;cap.;;;;;Mascotte, cap. Haulon, trip. 35, tons. 520,  en lastre, & Lawton y Hno.;;Mascotte;;;;1888_01_10;;;
Dia 10:;;N/A: ;;;Desken;cap.;;;;;Dia 10: De Nueva York en 4 dias vap. amer. City of Alexandría, cap. Desken, trip. 56, tons. 1,701: con carga general á Hidalgo y Cp.;amer.;City of Alexandría;;;vap.;1888_01_11;Nueva York;;
Día 4:;;N/A:  | N/A: ;;;Staples;cap.;;;;;Nueva Orleans y escalas en 4 dias, vap. americano Morgan, cap. Staples, trip. 33, tons. 909: con;americano;Morgan;;;vap.;1888_01_11;Nueva Orleans;;
;;;;;Servant;cap.;;;;;Washington. cap. Servant, trip 140, tons. 20*5,;;;;;;1888_01_11;Washington;;
;;;;;Riera;cap.;;;;;Plava Sun Jan gol. 2ª Rosa. cap. Riera: con;;Plava Sun;;;gol.;1888_01_12;;;
Día 11:;;N/A:  | N/A: ;;;Me Ky;cap.;;;;;Dis 11: De Tampa y Cayo Hueso en 11 dias, vap. americano Olive te, cap. Me Ky. trip 52 tons. 1,104:;americano;Olive te;;;vap.;1888_01_12;Tampa y Cayo Hueso;;
;;N/A: ;;;Burrou-;cap.;;;;;cap. Burrou-, trip 57, tons. 2,187: con carga general. á Hidalgo y Cp.;;;;;;1888_01_13;;;
;;N/A:  | N/A: ;;;Reynolds;cap.;;;;;Washington, cap. Reynolds, trip. 55, tons. 1,649:;;;;;;1888_01_13;Washington;;
;;;;;Portuondo;cap.;;;;;Cebú, cap. Portuondo, trip. 106, tons. 2,15x: con;;;;;;1888_01_13;Cebú;;
;;N/A:  | N/A: ;;;Hauloa;cap.;;;;;Mascote, cap. Hauloa, trip 35, tons. 520: 00;;Mascote;;;;1888_01_15;;;
;;N/A: ;;;Nath;cap.;;;;;Rattermann, cap. Nath, trip 12. tons. 605: con;;Rattermann;;;;1888_01_17;;;
Dia 16:;;N/A: ;;;Segovia;cap.;;;;;Dia 16: ve De Cádiz en 16 dias, vap. esp. Cataluña, cap Segovia, trip 121, tons. 3,781: con carga general á;esp.;Cataluña;;;vap.;1888_01_17;Cádiz;;
Día 5:;;N/A: ;;;Backer;cap.;;;;;-Nueva Orleans y escalas en 5 dias vap. americaDO Hutchinson, cap. Backer, trip. 35, tous, 909:con carga general á Lawton y Ho;;americaDO Hutchinson;;;vap.;1888_01_17;Nueva Orleans;;
Día 1:;;N/A: ;;;Mo Key;cap.;;;;;-Tampa y yo Hueso 1 dias, vap. americano Oliveste, cap. Mo Key. trip. 62, tons. 1,104:;americano;Oliveste;;;vap.;1888_01_17;Tampa;;
Día 21:;;;;;Aldecoa;cap.;;;;;-Liverpool y Santander en 21 dias, vap. esp. Navarro cap. Aldecoa, trip 42, ton. 2,514 : con;esp.;Navarro;;;vap.;1888_01_18;Liverpool y Santander;;
;;N/A: ;;;Gardon;cap.;;;;;cap. Gardon, trip. 9, tons. 1,840: con carga general, á M. Calvo y Comp.;;;;;;1888_01_18;;;
Día 18:;;N/A: ;;;Burrows;cap.;;;;;Dia 18: De Matanzas en 6 horas vap. amer. San Marcos, capitan Burrows, trip 60. tons. 2,187: con azúcar de;amer.;San Marcos;;;vap.;1888_01_19;Matanzas;;
;;N/A:  | N/A: ;;;Haulon;cap.;;;;;Mascotte, cap. Haulon, trip. 35, tons. 520: con;;Mascotte;;;;1888_01_19;;;
Día 5:;;N/A: ;;;R ttig;cap.;;;;;-Nueva-York en 5 dias, vap. amer. City of Columbia, cap. R ttig, trip. 42, tons. 1,285: con carga general, á Hidalgo y Comp.;amer.;City of Columbia;;;vap.;1888_01_19;Nueva-York;;
;;N/A: ;;;Hamilton;cap.;;;;;cap. Hamilton, trip. 6, tons. 134: con papas, á;;;;;;1888_01_19;;;
Dia 19:;;;;;García;cap.;;;;;Dia 19: De Nueva York en 4 dias vap. esp. Baldomero Iglesias, capitan García, trip. 56, tons. 1,114: con;esp.;Baldomero Iglesias;;;vap.;1888_01_20;Nueva York;;
;;N/A: ;;;Campbell;cap.;;;;;cap. Campbell, trip. 7, tons. 91: con carga general, á Lawton y Hños;;;;;;1888_01_21;;;
Dia 20:;;N/A: ;;;Stevens;cap.;;;;;Dia 20: De Veracrez y escalas en 5 dias, vap. amer. Manhattan, cap. Stevens, trip. 38, tons. 1,154: con carga general, & Hidalgo y Comp.;amer.;Manhattan;;;vap.;1888_01_21;Veracrez;;
Día 4:;;N/A: ;;;Davidson;cap.;;;;;Panzacola en 4 dias, gol. amer. W. B. Wood, capitan Davidson, trip. 8, tons. 516: con madera, á;amer.;W. B. Wood;;;gol.;1888_01_21;Panzacola;;
Día 21:;;N/A:  | N/A: ;;;Mc Ky;cap.;;;;;Dis 21: De Tampa y Cayo Hueso en 1 dias, vap. americano Olivette, cap. Mc Ky. trip. 52, tons. 1,104:;americano;Olivette;;;vap.;1888_01_22;Tampa y Cayo Hueso;;
Día 9:;;N/A: ;;;J. H Gay;cap.;;;;;-Panzacola en 9 dias, bca. amer Sarah A. Staples, cap. J. H Gay, trip. 10, tons. 412: con maderas, á la órden.;amer;Sarah A. Staples;;;bca.;1888_01_22;Panzacola;;
;;N/A:  | N/A: ;;;Pixjol;cap.;;;;;Osvaldo, cap. Pixjol, trip. 11, tons. 180: con taBajo, á N. Gelats y Comp.;;Osvaldo;;;;1888_01_24;;;
Día 25:;;N/A: ;;;Bulman;cap.;;;;;-Cardiff en 25 dias, vap. ing. Clintonia, cap. Bulman, rrip. 22, tons. 1,297: con carbon, á Bridat,;ing.;Clintonia;;;vap.;1888_01_24;Cardiff;;
;;N/A: ;;;;cap.;;;;;cap. Champion, trip. 8, tons. 554: con carbon y;;Champion;;;trip.;1888_01_24;;;
Día 5:;;;;;Staples;cap.;;;;;-Nueva Orleans y escalas en 5 dias, vap. americano Morgan, cap. Staples, trip. 32, tons. 909: con;americano;Morgan;;;vap.;1888_01_24;Nueva Orleans;;
Día 50:;;N/A:  | N/A: ;;;Martí;cap.;;;;;Gualeguay y Montevideo en 50 dias, berg. español Gustavo, cap. Martí, trip. 13 tons. 239,;español;Gustavo;;;berg.;1888_01_24;Gualeguay y Montevideo;;
Día 3:;;N/A:  | N/A:  | N/A: ;;;Servant;cap.;;;;;-Veracruz en 3 dias, vap. franc. Washington, capitan Servant, trip. 143, tons. 2,085: con carga;franc.;Washington;;;vap.;1888_01_24;Veracruz;;
Dia 23:;;N/A: ;;;Ibatts;cap.;;;;;Dia 23: De Filade fia en 12 dias, gol. amer. Sidney G. Hupper, cap. Ibatts, trip. 10, tons. 926: con carga general, á G. Sastre.;amer.;Sidney G. Hupper;;;gol.;1888_01_25;Filade fia;;
;;N/A:  | N/A: ;;;Cimiano;cap.;;;;;"de Santander, cap. Cimiano, trip. 117, tons. 3869;";;;;;;1888_01_25;Santander;;
;;N/A:  | N/A: ;;;Resalt;cap.;;;;;Villaverde, cap. Resalt, trip. 55, tons. 1,501: con;;Villaverde;;;;1888_01_25;;;
Día 32:;;N/A: ;;;Llorca;cap.;;;;;-Barcelona en 32 dias vap. esp. Pio IX, cap. Llorca, trip. 63, tons. 2658, con carga general á Claudio G. Saens y C;esp.;Pio IX;;;vap.;1888_01_25;Barcelona;;
Día 81:;;N/A: ;;;Dean;cap.;;;;;-Glasgow y escalas en 81 dias vap. ing. Ardanconrach, cap. Dean, trin. 21, tons. 913, con carga general á Higgins y Ca;ing.;Ardanconrach;;;vap.;1888_01_25;Glasgow;;
Dia 25:;;N/A: ;;;Burley;cap.;;;;;Dia 25: De Nueva-York en 5 dias, vap. amer. City of Atlanta, cap. Burley, trip. 42, tons. 1,154: con carga;amer.;City of Atlanta;;;vap.;1888_01_26;Nueva-York;;
Día 13:;;N/A:  | N/A: ;;;Me Kay;cap.;;;;;Tampa y Cayo Hueso en 13 dias, vap. americano Olive te, cap. Me Kay, trip. 49, tons. 1,104:;americano;Olive te;;;vap.;1888_01_26;Tampa y Cayo Hueso;;
;;;;;Deaken;cap.;;;;;Alexandría, cap. Deaken, trip. 58, tons. 1,652,;;;;;;1888_01_26;Alexandría;;
Dia 26:;;N/A: ;;;Cúrtis;cap.;;;;;Dia 26: De Nueva York en 4 dias vap. amer. Saratoga, capitan Cúrtis, trip. 60, tons. 1,692: con carga general, á Hidalgo y Cp.;amer.;Saratoga;;;vap.;1888_01_27;Nueva York;;
;;N/A:  | N/A: ;;;Haulon;cap.;;;;;Mascotte, cap. Haulon, trip. 35, tons. 520: con;;Mascotte;;;;1888_01_29;;;
Día 19:;;;;;Larrauri;cap.;;;;;-Liverpool, Santander y Vigo, en 19 dias del último, vap. esp. Eduardo, cap. Larrauri, trip. 38,;esp.;Eduardo;;;vap.;1888_01_29;Liverpool;;
Día 18:;;N/A:  | N/A: ;;;San Emeterio;cap.;;;;;-Cádiz y escalas en 18 dias, vap. esp. Ciudad Condal. cap. San Emeterio. trip. 107, tons. 2,595: con;esp.;Ciudad Condal;;;vap.;1888_01_29;Cádiz;;
Día 1:;;N/A:  | N/A: ;;;Mr. F. F. Wilde;cap.;;;;;-Cayo Hueso en 1 dia, vap. de guerra amer. Folphine, cap. Mr. F. F. Wilde, trip. 110, tons. 1 500=;amer.;Folphine;;;vap.;1888_01_31;Cayo Hueso;;
Dia 30:;;N/A:  | N/A: ;;;Mc Kay;cap.;;;;;Dia 30: De Tampa y Cayo Hueso en 1 dias. vap. americano Olivette, cap. Mc Kay, trip 51, tons. 1,104;americano;Olivette;;;vap.;1888_01_31;Tampa y Cayo Hueso;;
Día 5:;;N/A:  | N/A: ;;;Backer;cap.;;;;;-Nueva- Orleans y escalas en 5 dias, vap. ameriHutchinson, cap. Backer, trip. 35, tons. 1,492:;;ameriHutchinson;;;vap.;1888_01_31;Nueva Orleans;;
;;N/A: ;;;Goodwin;cap.;;;;;cap. Goodwin, trip. 11, tons. 588, con carga general, á M Gómez.;;;;;;1888_01_31;;;
;;N/A:  | N/A: ;;;Reynolds;cap.;;;;;Washington, cap. Reynolds, trip. 56, tons. 1,649:;;;;;;1888_02_01;Washington;;
;;N/A: ;;;Sanatos;cap.;;;;;cap. Sanatos, trip. 8, tons. 402, con carbon, á R.;;;;;;1888_02_02;;;
;;N/A:  | N/A: ;;;Haulon;cap.;;;;;Mascotte, cap. Haulon, trip. 35, tons. 520: con;;Mascotte;;;;1888_02_02;;;
Día 60:;;N/A: ;;;Cartis;cap.;;;;;-Sagua en dia vapor amer. Saratoga, cap. Cartis, trip. 60, tons. 1,692, con azúcar de tránsito, á;amer.;Saratoga;;;vapor;1888_02_02;Sagua;;
Día 3:;;N/A: ;;;Segobia;cap.;;;;;-Veracruz y Progreso en 3 dias vap. esp. Cataluña capitan Segobia, trip. 123, tons. 3,784, con;esp.;Cataluña;;;vap.;1888_02_02;Veracruz;;
;;N/A: ;;;Peterson;cap.;;;;;cap. Peterson, trip 9, tons. 611: con carbon y;;;;;;1888_02_03;;;
Día 1:;;N/A: ;;;Aberasturi;cap.;;;;;-Caibarien en 1 dia, vap. esp. Enrique, cap. Aberasturi, trip. 31, tons. 1,571: con azúcar de tránsito, á Deulofeu, hijo y Czmp.;esp.;Enrique;;;vap.;1888_02_04;Caibarien;;
;;N/A:  | N/A: ;;;Rettig;cap.;;;;;Columbia, cap. Rettig. trip. 42, tons. 1,285: con;;;;;;1888_02_05;Columbia;;
Día 1:;;N/A:  | N/A: ;;;Mc Kay;cap.;;;;;Dis 4: De Tampa y Cayo Hueso en 1 dias. vap. americano Olivette, cap. Mc Kay, trip. 51, tons. 1,104:;americano;Olivette;;;vap.;1888_02_05;Tampa y Cayo Hueso;;
;;N/A: ;;;Haulon;cap.;;;;;Mascotte, cap. Haulon, trip. 35, tons. 520: en;;Mascotte;;;;1888_02_07;;;
Día 4:;;N/A: ;;;Milner;cap.;;;;;-Jamaica y escalas en 4 dias, vap. ing. Avon, capitan Milner. trip. 51, tons. 1,417: con carga general, á G. Ruthven.;ing.;Avon;;;vap.;1888_02_07;Jamaica;;
Dia 7:;;;;;Staples;cap.;;;;;Dia 7: tog De Nueva Orleans y escalas en 6 dias, vap. americano Morgan, cap. Staples, trip. 33, tons. 909: con;americano;Morgan;;;vap.;1888_02_08;Nueva Orleans;;
Día 8:;;N/A: ;;;Burrows;cap.;;;;;-Cárdenas en 8 horas, vap. amer. San Marcos, 08pitan Burrows, trip. 53, tons. 2,187: con azúcar;amer.;San Marcos;;;vap.;1888_02_08;Cárdenas;;
Día 1:;;N/A:  | N/A: ;;;Mc Kay;cap.;;;;;-Tampa y Cayo Hueso en 1 dias, vap. americano Olivette, cap. Mc Kay, trip. 49, tons. 1,104:;americano;Olivette;;;vap.;1888_02_09;Tampa y Cayo Hueso;;
;;N/A: ;;;Stevens;cap.;;;;;cap. Stevens, trip. 39, tons. 1,151: con carga, á;;;;;;1888_02_09;;;
;;;;;Burley;cap.;;;;;Atlanta, cap. Burley, trip. 42, tons. 1,154: con;;Atlanta;;;;1888_02_09;;;
;;;;;Walls;cap.;;;;;-Cárdenas gol. amer. S. Hupper, cap. Walls.;amer.;S. Hupper;;;gol.;1888_02_10;Cárdenas;;
;;N/A: ;;;Hogan;cap.;;;;;cap. Hogan, trip. 8, tons. 447: con carga, á R.;;;;;;1888_02_11;;;
Día 18:;;N/A: ;;;Luzárraga;cap.;;;;;-Liverpool y escalas en 18 dias, vap. esp. Murciano, cap. Luzárraga, trip. 35. tons. 1,555: con carga general, & J. M. Avendaño y Comp.;esp.;Murciano;;;vap.;1888_02_11;Liverpool;;
Dia 10:;;N/A: ;;;Cirarda;cap.;;;;;Dia 10: De Cádiz en 17 dias, vap. esp. Francisco, cap. Cirarda, trip. 39, tons. 1,839: con carga general, á;esp.;Francisco;;;vap.;1888_02_11;Cádiz;;
Día 5:;;N/A: ;;;iJenis;cap.;;;;;-Nueva-York en 5 dias, vap. esp. Panamá, capiJenis, trip. 63. tons. 1,347: con carga general, á;esp.;Panamá;;;vap.;1888_02_11;Nueva-York;;
;;N/A:  | N/A: ;;;Orse;cap.;;;;;cap. Orse, trip. 8, tons. 211: con sal, á Will y;;;;;;1888_02_12;;;
;;N/A: ;;;Echevarría;cap.;;;;;cap. Echevarría, trip. 40, tons. 2,074: con carga;;;;;;1888_02_12;;;
;;;;;San Emeterio;cap.;;;;;Condal, cap. San Emeterio, trip. 103, tons. 1,6 6:1;;Condal;;;;1888_02_14;;;
Día 13:;;N/A:  | N/A: ;;;Mc Kay;cap.;;;;;Dia 13: De Tampa y Cayo Hueso en 13 dias, vap. americano Olivette, cap. Mc Kay, trip. 49 tons. 1,104;americano;Olivette;;;vap.;1888_02_14;Tampa y Cayo Hueso;;
Día 16:;;N/A:  | N/A: ;;;Ozanuz;cap.;;;;;-Liverpool y Santander en 16 dias vap. ep. Asturiano, cap. Ozanuz. trip. 29, tons. 1,127: con;;ep. Asturiano;;;vap.;1888_02_14;Liverpool y Santander;;
Dia 14:;;N/A:  | N/A:  | N/A: ;;;Deaken;cap.;;;;;Dia 14: De Nueva York en 4 dias vap. amer. City of Alexandria, cap. Deaken, trip. 57, tons. 1,652, con;amer.;City of Alexandria;;;vap.;1888_02_15;Nueva York;;
Día 15:;;;;;Dominguez;cap.;;;;;-Cádiz y escalas en 15 vapor español Antonio López, cap. Dominguez, trip. 117, tons. 3,709, con;español;Antonio López;;;vapor;1888_02_15;Cádiz;;
Día 46:;;N/A: ;;;Ferrer;cap.;;;;;-Montevideo y Rosario en 46 dias berg, esp. Juanito, cap. Ferrer, trip. 11, tons. 246, con tasajo,;esp.;Juanito;;;berg;1888_02_15;Montevideo y Rosario;;
Dia 14:;;N/A: ;;;Maristany;cap.;;;;;Dia 14: De Montevideo en 49 dias, bca. esp. Ana, cap. Maristany, trip. 12, tons. 222: con carga, á N. Gelats y Comp.;esp.;Ana;;;bca.;1888_02_16;Montevideo;;
Dia 15:;;N/A:  | N/A: ;;;Backer;cap.;;;;;Dia 15: De Nueva-Orleans y escalas en 5 dias, vap. ameriHutchinson, capitan Backer, trip. 35, tons. 909:;;ameriHutchinson;;;vap.;1888_02_16;Nueva-Orleans;;
;;;;;Haulon;cap.;;;;;Mascotte, cap. Haulon, trip. 35, tons. 520: con;;Mascotte;;;;1888_02_16;;;
Día 4:;;N/A: ;;;Curtis;cap.;;;;;-Nueva York en 4 dias vap. amer. Saratoga, capitan Curtis, trip. 60, tons. 1,692: con carga general, á Hidalgo y Cp.;amer.;Saratoga;;;vap.;1888_02_16;Nueva York;;
;;N/A: ;;;Benítez;cap.;;;;;cap. Benítez, trip. 79, tons. 1,550, con carga general, á M. Calvo y Comp.;;;;;;1888_02_17;;;
Día 3:;;N/A:  | N/A:  | N/A: ;;;Nouvellon;cap.;;;;;"-Veracruz en 3 dias, vap. franc. Lafayette, capitan Nouvellon, trip. 148, tons. 1;774: con carga";franc.;Lafayette;;;vap.;1888_02_17;Veracruz;;
Día 23:;;;;;Robinson;cap.;;;;;-Cardiff en 23 días, vap. ing. Stag, cap. Robinson,;ing.;Stag;;;vap.;1888_02_17;Cardiff;;
;;N/A:  | N/A: ;;;Reynolds;cap.;;;;;Washington, cap. Reynolds, trip. 55, tons. 1,649:;;;;;;1888_02_17;Washington;;
Día 78:;;N/A: ;;;Carrau;cap.;;;;;-Barcelona en 78 dias bca. esp. Josefina, cap. Carrau, trip 14, tons. 600: con carga general á Jané;esp.;Josefina;;;bca.;1888_02_17;Barcelona;;
Día 19:;;N/A: ;;;Peterson;cap.;;;;;-Nueva York en 19 dias bca. amer. Justine Ingersoll, cap. Peterson, trip. 11, tons. 577: con carbon;amer.;Justine Ingersoll;;;bca.;1888_02_17;Nueva York;;
Día 19:;;N/A: ;;;Kimimey;cap.;;;;;-Nueva York en 19 dias gol. amor. Adele Fhackara, cap. Kimimey, trip. 8, tons, 525: con carhon L. V. Plach;;Adele Fhackara;;;gol.;1888_02_17;Nueva York;;
Día 18:;;N/A:  | N/A: ;;;Mc Kay;cap.;;;;;Dia 18: De Tampa y Cayo Hueso en 1 dias, vap. americano Olivette, cap. Mc Kay, trip. 51, tons. 1,104:;americano;Olivette;;;vap.;1888_02_19;Tampa y Cayo Hueso;;
Día 17:;;;;;Alegria;cap.;;;;;-Liverpool y Santander en 17 dias vap. esp. Leonora, cap. Alegria, trip. 40 tons. 1806, con carga;esp.;Leonora;;;vap.;1888_02_19;Liverpool;;
Día 16:;;N/A:  | N/A:  | N/A: ;;;Brown;cap.;;;;;-Boston en 16 dias, berg. amer. Josephine, capitan Brown. trip. 10, tons. 569: con carbon, á Escovedo y Velázquez.;amer.;Josephine;;;berg.;1888_02_21;Boston;;
Día 20:;;N/A: ;;;Lauya;cap.;;;;;Dia 20: De Barcelona en 60 dias, bca. esp. Juana, cap. Lauya, trip. 11, tons. 328: con carga general, á Jané,;esp.;Juana;;;bca.;1888_02_21;Barcelona;;
Día 5:;;N/A: ;;;Edridge;cap.;;;;;-Cuba en 5 dias, yath amer. Yamba, cap. Edridge, trip. 13, tons. 170: en lastre, à J. G. González;amer.;Yamba;;;yath;1888_02_21;Cuba;;
;;;;;Hanlon;cap.;;;;;Mascotte, cap. Hanlon, trip. 35, tons. 520: en;;Mascotte;;;;1888_02_21;;;
;;N/A: ;;;Pierson;cap.;;;;;cap. Pierson, trip. 10, tons. 589: con carbon, á L.;;;;;;1888_02_21;;;
Día 21:;;N/A: ;;;Llorca;cap.;;;;;Nueva-Orleans en 21 dias, vap. esp. Pío IX, capitan Llorca, trip. 61, tons. 2,658: con carga general, á Cláudio G. Saenz y Comp.;esp.;Pío IX;;;vap.;1888_02_21;Nueva-Orleans;;
Dia 21:;;;;;Staples;cap.;;;;;Dia 21: De Nueva Orleans y escalas en 5 dias, vap. americano Morgan, cap. Staples, trip. 32, tons. 909: con;americano;Morgan;;;vap.;1888_02_22;Nueva Orleans;;
Día 5:;;N/A: ;;;Rettig;cap.;;;;;thus De Nueva-York en 5 dias, vap. amer. City of Columbia, cap. Rettig, trip. 42, tons. 1,285: cen carga;amer.;City of Columbia;;;vap.;1888_02_23;Nueva-York;;
Día 13:;;N/A:  | N/A: ;;;Me Kay;cap.;;;;;-Tampa y Cayo Hueso en 13 dias, vap. americano Olivette, cap. Me Kay. trip. 51, tona. 1,104:;americano;Olivette;;;vap.;1888_02_23;Tampa y Cayo Hueso;;
;;N/A: ;;;Gangoiti;cap.;;;;;Juan, cap. Gangoiti, trip. 20, tons. 919: con carga. & J. Rafecas y Comp.;;Juan;;;;1888_02_23;;;
Día 22:;null;N/A: ;;;Henderson;cap.;;;null;;Dia 22 De Cardiff en 25 dias, vap. ing. Oaklan, cap. Henderson, trip. 21, tons. 897: con carbon, á M. Calvo y Comp.;ing.;Oaklan;;;vap.;1888_02_24;Cardiff;;
Día 4:;;N/A: ;;;Stevens;cap.;;;;;-Veracruz y escalas en 4 dias vapor amer. Manhatan, cap. Stevens, trip. 39, tons. 1,154, con carga;amer.;Manhatan;;;vapor;1888_02_24;Veracruz;;
;;;;;Burrows;cap.;;;;;Márcos, cap. Burrows, trip. 51, tons. 2,187: con;;Márcos;;;;1888_02_25;;;
;;N/A: ;;;Wallace;cap.;;;;;cap. Wallace, trip. 10, tons. 567: con petróleo, á;;;;;;1888_02_26;;;
;;N/A:  | N/A: ;;;Haulon;cap.;;;;;Mascotte, cap. Haulon, trip. 35, tons. 520: con;;Mascotte;;;;1888_02_26;;;
Día 22:;;N/A: ;;;Clork;cap.;;;;;-Cardiff en 22 dias vap. ing. Gordon Castlr, capitan Clork, trip. 26, tons. 1,820. con carbon, á Bridat, Mont' Ros y Cp.;ing.;Gordon Castlr;;;vap.;1888_02_26;Cardiff;;
Dia 27:;;N/A:  | N/A: ;;;Backer;cap.;;;;;Dia 27: De Nueva-Orleans y escalas en 5 dias, vap. ameriHutchinson, capitan Backer. trip 35, tons. 909:;;ameriHutchinson;;;vap.;1888_02_28;Nueva-Orleans;;
;;N/A: ;;;Mo Kay;cap.;;;;;cano Olivette, cap. Mo Kay trip. 49 tons. 1, '04;;Olivette;;;cano;1888_02_28;;;
Día 17:;;;;;Chaquet;cap.;;;;;-Cádiz y escalas en 17 dias vap correo esp. Ciudad de Cádiz, cap. Chaquet, trip. 115, tons. 3, 174,;esp.;Ciudad de Cádiz;;;vap;1888_02_28;Cádiz;;
Día 28:;;N/A: ;;;Guernica;cap.;;;;;Dis 28: De Liverpool y escalas en 24 dias, vap. esp. Catalan, cap. Guernica, trip. 26, tons 976: con carga;esp.;Catalan;;;vap.;1888_02_29;Liverpool;;
;;;;;Richardson;cap.;;;;;Crandon, cap. Richardson, trip. 9, tons. 494: con;;Crandon;;;;1888_02_29;;;
Dia 29:;;;;;Garteiz;cap.;;;;;Dia 29: De Liverpool y Santander en 19 días, vap. esp. Pedro, cap. Garteiz, trip 84, tons. 765: con carga;esp.;Pedro;;;vap.;1888_03_01;Liverpool y Santander;;
;;N/A:  | N/A: ;;;Haulon;cap.;;;;;Mascotte, cap. Haulon, trip. 35, tons. 520: con;;Mascotte;;;;1888_03_01;;;
Día 5:;;N/A: ;;;Burley;cap.;;;;;-Nueva-York en 5 días, vap. amer. City of Atlanta, cap. Burley, trip. 42, tons. 1,154: con carga;amer.;City of Atlanta;;;vap.;1888_03_01;Nueva-York;;
;;N/A:  | N/A: ;;;Deaken;cap.;;;;;Alexandría, cap. Deaken, trip. 60, tons. 1,662:;;;;;;1888_03_02;Alexandría;;
;;N/A: ;;;Orr;cap.;;;;;"cap. Orr, trip. 10, tons. 638; con carbon, á Vionnet, Armor y Cp.";;;;;;1888_03_02;;;
Día 21:;;N/A: ;;;Crawford;cap.;;;;;-Filadelfia en 21 dias berg. ing. Ohio, cap. Crawford, trip 9, tons. 348: con carbon, á Vionnet,;ing.;Ohio;;;berg.;1888_03_02;Filadelfia;;
Día 6:;;;;;Ogg;cap.;;;;;-Filadelfia en 6 dias vap. ing. Benacre, cap. Ogg,;ing.;Benacre;;;vap.;1888_03_03;Filadelfia;;
;;N/A:  | N/A: ;;;torres;cap.;;;;;cap. torres, trip. 11, tons. 292: con tasajo & Jané;;;;;;1888_03_03;;;
;;N/A: ;;;Cochran;cap.;;;;;cap. Cochran, trip. 8, tons. 480: con petróleo, á;;;;;;1888_03_04;;;
;;N/A: ;;;;cap.;;;;;cap. Aremburg, trip. 7, tons. 99: con carga, á;;Aremburg;;;;1888_03_04;;;
Día 3:;;N/A: ;;;Sust;cap.;;;;;Dia 3: De Buenos-Ayres en 49 días, berg. esp. María, capitán Sust, trip. 12, tons. 272: con tasajo, á J. Balcells y Comp.;esp.;María;;;berg.;1888_03_04;Buenos-Ayres;;
Día 19:;;N/A: ;;;Garay;cap.;;;;;-Amberes y Vigo en 19 días, vap. esp. Aguadillana, cap. Garay, trip. 22, tons. 747: con carga general, á Will y Hno.;esp.;Aguadillana;;;vap.;1888_03_04;Amberes y Vigo;;
Día 1:;;N/A:  | N/A: ;;;Mc Ksy;cap.;;;;;Tampa y Cayo Hueso en 1 dias, vap. americano Olivette, cap. Mc Ksy, trip. 49, tons. 1,104;americano;Olivette;;;vap.;1888_03_04;Tampa y Cayo Hueso;;
Día 4:;;N/A: ;;;Anderson;cap.;;;;;Dia 4: De Filadelfia en 7 días, vap. ing. Ardanuright, capitán Anderson, trip. 21, tons. 898: con carbon, á;ing.;Ardanuright;;;vap.;1888_03_06;Filadelfia;;
Día 2:;;N/A: ;;;Edmonson;cap.;;;;;-Cienfuegos en 2 días, vap. ing. Ardanbhan, capitán Edmonson, trip. 19, tons. 741: con carga, á;ing.;Ardanbhan;;;vap.;1888_03_06;Cienfuegos;;
Día 18:;;N/A: ;;;Thompson;cap.;;;;;-Machias en 18 días, gol. amer. Nina Belle, capitán Thompson, trip. 8, tons. 445: con madera, á la;amer.;Nina Belle;;;gol.;1888_03_06;Machias;;
;;N/A: ;;;Gelpí;cap.;;;;;cap. Gelpí, tons. 10, tons. 360: con tasajo, á la;;;;;;1888_03_06;;;
;;N/A: ;;;Haulon;cap.;;;;;Mascotte, cap. Haulon, trip. 35, tons. 520: en;;Mascotte;;;;1888_03_06;;;
Día 6:;;N/A:  | N/A:  | N/A: ;;;Staples;cap.;;;;;Dia 6 De Nueva Orleans y escalas en 5 dias, vap. americano Morgan, cap. Staples, trip. 33, tons. 909: con;americano;Morgan;;;vap.;1888_03_07;Nueva Orleans;;
;;N/A:  | N/A: ;;;Reynolds;cap.;;;;;Washington, cap. Reynolds, trip. 56, tons. 1,649:;;;;;;1888_03_07;Washington;;
;;N/A: ;;;Bunting;cap.;;;;;cap. Bunting, trip. 45, tons. 632: con carga, á G.;;;;;;1888_03_07;;;
Día 5:;;N/A:  | N/A: ;;;Dean;cap.;;;;;Norfok en 5 días, vap. ing. Ardancorrah, capitán Dean, trip. 21, tons. 948, con carbon, & L. V.;ing.;Ardancorrah;;;vap.;1888_03_07;Norfok;;
Dia 7:;;N/A:  | N/A: ;;;Mc Kay;cap.;;;;;Dia 7: EL 17 be De Tampa y Cayo Hueso en 14 dias, vap. americano Olivette, cap. Mc Kay. trip. 50, tons. 1,104:;americano;Olivette;;;vap.;1888_03_08;Tampa y Cayo Hueso;;
;;N/A: ;;;Mendialdúa;cap.;;;;;cap. Mendialdúa. trip. 28, tons. 1,424: con carga;;;;;;1888_03_09;;;
;;N/A:  | N/A: ;;;Rettig;cap.;;;;;Columbia, cap. Rettig, trip. 42, tons. 1,285: con;;;;;;1888_03_09;Columbia;;
;;N/A: ;;;Tobeassen;cap.;;;;;cap. Tobeassen, trip. 10, tons. 428: con ladrillos y;;;;;;1888_03_09;;;
Dia 9:;;N/A:  | N/A: ;;;Brillo;cap.;;;;;Dia 9: De Saint Nazaire en 17 días, vap. franc. Saint Germain, cap. Brillo in. trip. 141, tons. 2 292 con;franc.;Saint Germain;;;vap.;1888_03_10;Saint Nazaire;;
Día 4:;;N/A:  | N/A: ;;;Carmona;cap.;;;;;carga general, á Bridat, Mont' Ros y Comp. -Nueva- York en 4 días, vap. esp. Mexico, capitán Carmona, trip. 63 tons. 1,366: con carga general, & M. Calvo y Comp.;esp.;Mexico;;;vap.;1888_03_10;Nueva York;;
;;;;;Hanlon;cap.;;;;;Mascotte, cap. Hanlon, trip. 35, tons. 520: con;;Mascotte;;;;1888_03_11;;;
Día 12:;;N/A:  | N/A:  | N/A:  | N/A: ;;;Gelis;cap.;;;;;-Filadelfia en 12 días gol. amer. Lewi Hart, capitán Gelis, trip. 8, tons. 338: con carbon, á Vionet, Armor y Comp.;amer.;Lewi Hart;;;gol.;1888_03_11;Filadelfia;;
;;N/A:  | N/A: ;;;Chaquert;cap.;;;;;Cádiz, cap. Chaquert, trip 115, tons. 3,174: con;;;;;;1888_03_13;Cádiz;;
Día 5:;;N/A:  | N/A: ;;;Baker;cap.;;;;;-Nueva- Orleans y escalas en 5 dias. vap. ameriHutchinson, captan Baker. trip 85, tons. 1,492:;;ameriHutchinson;;;vap.;1888_03_13;Nueva Orleans;;
Día 1:;;N/A: ;;;Lezárraga;cap.;;;;;-Cádiz en 1 días, vap esp. Serra, cap. Lezárraga, trip. 34. tons. 1,044: con carga general, á;esp.;Serra;;;vap;1888_03_13;Cádiz;;
;;N/A: ;;;Fucker;cap.;;;;;cap. Fucker trip. 10, tons. 590: con petróleo, á;;;;;;1888_03_14;;;
;;N/A: ;;;;cap.;;;;;cap. Little, trip. 10, tons. 559. con carga general,;;Little;;;trip.;1888_03_14;;;
Día 23:;;N/A: ;;;Aldaniz;cap.;;;;;-Liverpool y Santander en 23 días, vap. esp. Alicia, cap. Aldaniz, trip. 40, tons. 1,83: con carga;esp.;Alicia;;;vap.;1888_03_14;Liverpool;;
Dia 14:;;N/A:  | N/A: ;;;Mantorell;cap.;;;;;Dia 14: De Liverpool y escalas en 24 días, vap. esp. Portorriqueño, cap. Mantorell, trip. 31, tons. 1,891:;esp.;Portorriqueño;;;vap.;1888_03_15;Liverpool;;
;;;;;Hanlon;cap.;;;;;Mascotte, cap. Hanlon, trip. 35, tons. 520: con;;Mascotte;;;;1888_03_15;;;
;;N/A: ;;;Stevens;cap.;;;;;cap. Stevens, trip. 39, tons. 1,151: con efectos, &;;;;;;1888_03_15;;;
Día 31:;;N/A: ;;;Garro;cap.;;;;;cap. Garro, trip. 31, tons. 1,754: con carga general, á Claudio G. Saenz y Comp.;;;;;;1888_03_15;;;
;;N/A: ;;;Blanchford;cap.;;;;;cap. Blanchford, trip. 9, tons. 419: con carbón, á;;;;;;1888_03_15;;;
;;;;;Burley;cap.;;;;;Atlanta, cap. Burley, trip. 41, tons. 1,154: con;;Atlanta;;;;1888_03_17;;;
;;N/A: ;;;Burrows;cap.;;;;;cap. Burrows, trip. 57, tons. 2,187: con carga;;;;;;1888_03_17;;;
Dia 16:;;N/A:  | N/A: ;;;Ochoa;cap.;;;;;Dia 16: De Sant Thomas y escalas en 14 dias vap. esp. Ramon de Herrera, cap. Ochoa, trip. 47, tons. 621,;esp.;Ramon de Herrera;;;vap.;1888_03_18;Sant Thomas;;
Dia 17:;;N/A:  | N/A:  | N/A: ;;;Ugarte;cap.;;;;;Dia 17: De Liverpool en 20 días vap. esp. Niceto, cap Ugarte. trip. 89, tons. 1,832, con carga general, á Claudio G. Saenz y Cp. De Tampa y Cayo Hueso en 1 dias, vap. americano Olivette, cap. Mc Kay, trip. 50, tons. 1,104;esp.;Niceto;;;vap.;1888_03_18;Liverpool;;
;;N/A:  | N/A: ;;;Haulon;cap.;;;;;Mascotte cap. Haulon, trip. 35, tons. 520: en lastre, & Lawton y Hnos.;;Mascotte;;;;1888_03_20;;;
Día 20:;;N/A:  | N/A: ;;;Staples;cap.;;;;;Dia 20 De Nueva Orleans y escalas en 4 dias, vap. americano Morgan, cap. Staples, trip. 33, tons. 909: con;americano;Morgan;;;vap.;1888_03_21;Nueva Orleans;;
;;N/A: ;;;Piña;cap.;;;;;cap. Piña, trip. 17, tons. 419: con carga general,;;;;;;1888_03_21;;;
Día 26:;null;;;;Deken;cap.;;;21-10-2023;;Dis 21: De Nueva-York en 5 días, vap. amer. City of Alexandría, cap. Deken, trip. 55, tons. 1652: con;amer.;City of Alexandría;;;vap.;1888_03_22;Nueva-York;;
Día 1:;;N/A:  | N/A:  | N/A: ;;;Mc Kay;cap.;;;;;-Tampa y Caye-Hueso en 1 dias, vap. americano Olivette, cap. Mc Kay. trip. 49, tons. 1, 104:;americano;Olivette;;;vap.;1888_03_22;Tampa y Caye-Hueso;;
;;N/A:  | N/A: ;;;Revuolds;cap.;;;;;Washington, cap. Revuolds, trip. 55, tons. 1,619:;;;;;;1888_03_22;Washington;;
;;N/A: ;;;Burrow;cap.;;;;;cap. Burrow, trip. 57. tons. 2,187: con azúcar de;;;;;;1888_03_22;;;
;;N/A: ;;;Ors;cap.;;;;;Cortés, cap. Ors, trip 64, tons. 2,112: con carga;;;;;;1888_03_23;;;
;;N/A: ;;;Hays;cap.;;;;;"cap. Hays, trip. 10, tons. 382; con madera, á la";;;;;;1888_03_23;;;
;;N/A:  | N/A: ;;;Haulon;cap.;;;;;Mascotte, cap. Haulon, trip. 35, tons. 520: con;;Mascotte;;;;1888_03_25;;;
Día 52:;;N/A: ;;;Alsina;cap.;;;;;carga, & Lawton y Hnos. -Barcelona en 52 días, bea. esp India, cap. Alsina, trip. 16, tons. 716: con carga, á J. Balcells y;esp;India;;;bea.;1888_03_25;Barcelona;;
Día 14:;;;;;Jaureguizar;cap.;;;;;-Cádiz y escalas en 14 días, vapor-correo esp. Cataluña, cap. Jaureguizar, trip. 121, tons. 4 784:;esp.;Cataluña;;;vapor-correo;1888_03_27;Cádiz;;
Día 6:;;N/A: ;;;Bennis;cap.;;;;;-Matanzas en 6 horas, vap. amer. Niágara, capitán Bennis, trip. 55, tons. 1,667: con azucar de;amer.;Niágara;;;vap.;1888_03_27;Matanzas;;
Dia 26:;;N/A:  | N/A: ;;;Baker;cap.;;;;;Dia 26: De Nueva-Orleans y escalas en 5 dias. vap. ameriHutchinson, capitan Baker, trip. 35, tons. 1,492:;;ameriHutchinson;;;vap.;1888_03_27;Nueva-Orleans;;
Día 1:;;N/A:  | N/A: ;;;Me Kay;cap.;;;;;-Tampa y Cayc-Hueso en 1 dias, vap. americano Olivette, cap. Me Kay, trip. 49, tons. 1,104;americano;Olivette;;;vap.;1888_03_27;Tampa y Cayc-Hueso;;
Dia 28:;;N/A: ;;;Cúrtis;cap.;;;;;Dia 28: De Nueva York en 4 dias vap. amer. Saratoga, capitán Cúrtis, trip. 60, tons. 1,692: con carga general, á Hidalgo y Cp;amer.;Saratoga;;;vap.;1888_04_01;Nueva York;;
Día 61:;;N/A: ;;;Rivera Pomes;cap.;;;;;-Barcelona v Torrevieja en 61 días, bca. esp. Pedro, cap. Rivera Pomes, trip 14, tons. 502: con;esp.;;;;bca.;1888_04_01;Barcelona;;
Dia 29:;;;;;Mas;cap.;;;;;Dia 29: De Montevideo y Ponce en 60 días, berg. esp. Amable Antonia, cap. Mas, trip. 10, tons. 819: con;esp.;Amable Antonia;;;berg.;1888_04_01;Montevideo y Ponce;;
Día 5:;;N/A:  | N/A: ;;;Stevens;cap.;;;;;-Veracruz y escalas en 5 días, vapor amer. Manhattan, cap. Stevens, trip. 39, tons. 1,154: con;amer.;Manhattan;;;vapor;1888_04_01;Veracruz;;
Día 3:;;N/A: ;;;Carmona;cap.;;;;;Dia 3: De Nueva York en 5 días, vapor-correo esp. Mexico, cap. Carmona, trip. 64, tons. 1,366: con carga. á M. Calvo y Comp.;esp.;Mexico;;;vapor-correo;1888_04_01;Nueva York;;
;;;;;Gorordo;cap.;;;;;M. Pinillos, cap. Gorordo, trip. 62, tons. 2,124;;M. Pinillos;;;;1888_04_01;;;
Día 59:;;;;;Abril;cap.;;;;;-Barcelona y Torrevieja, en 59 días, bca. esp. Estrella de la Mañana, cap. Abril, trip. 15, tons. 661:;esp.;Estrella de la Mañana;;;bca.;1888_04_01;Barcelona y Torrevieja;;
Día 8:;;N/A: ;;;Nielser;cap.;;;;;Baltimore en 8 días. vap. norg Bratsberg, capitán Nielser, trip. 17, tons. 1,100: con carbón, á;;norg Bratsberg;;;vap.;1888_04_01;Baltimore;;
Día 31:;;N/A:  | N/A: ;;;Mo Kay;cap.;;;;;the Dia 31: De Tampa y Cayo-Hueso en 1 dias, vap americano Olivette, cap. Mo Kay, trip. 49, tons. 1,104;americano;Olivette;;;vap;1888_04_01;Tampa y Cayo-Hueso;;
Día 4:;;N/A: ;;;Pearson;cap.;;;;;-Cienfuegos en 4 días, vap. ing. Andancorn, capitán Pearson, trip 22, tons. 1,042: con carga, á;ing.;Andancorn;;;vap.;1888_04_01;Cienfuegos;;
Día 10:;10-04-YYYY;N/A: ;;;Cimiano;cap.;;;;;Dia 10 de abril: De Veracruz y Progreso en 3 días, vapor-correo español Ciudad de Santander, cap. Cimiano, tripulación 120, tons. 3,868: con carga general, á M.;español;Ciudad de Santander;;;vapor-correo;1888_04_03;Veracruz y Progreso;;
Día 21:;;;;;Goicochea;cap.;;;;;-Liverpool y Santander en 21 días, vap. esp. Gaditano, cap. Goicochea, trip 35, tons.....: con;esp.;Gaditano;;;vap.;1888_04_03;Liverpool y Santander;;
Dia 2:;;N/A:  | N/A: ;;;Staples;cap.;;;;;Dia 2: De Nueva Orleans y escalas en 4 dias, vap. americano Morgan, cap. Staples, trip. 33. tons. 909: con;americano;Morgan;;;vap.;1888_04_03;Nueva Orleans;;
;;;;;Haulon;cap.;;;;;Mascotte, cap. Haulon, trip 35, tons. 520: con;;Mascotte;;;;1888_04_03;;;
;;;;;Torrena;cap.;;;;;Colón, cap. Torrena, trip. 54, tons. 2,678: con;;Colón;;;;1888_04_04;;;
;;;;;Dejaré;cap.;;;;;francesa Diamant, cap. Dejaré, trip. 8, tons. 285,;;Diamant;;;francesa;1888_04_04;;;
Día 12:;;N/A: ;;;P. Lored;cap.;;;;;cap. P. Lored, trip. 12 tons. 303: con carga general, á Galbán, Rio y Comp.;;;;;;1888_04_06;;;
;;;;;Nouvellon;cap.;;;;;del ú imo, vap. franc. Lafiyecte, cap. Nouvellon,;franc.;Lafiyecte;;;vap.;1888_04_06;;;
Día 6:;;N/A: ;;;G nzález;cap.;;;;;Dia 6: De Las Palmas en 29 días, boa esp. Fama de Canarias, cap. G nzález, trip. 18, tons. 414: con carga;esp.;Fama de Canarias;;;boa;1888_04_07;Las Palmas;;
;;N/A: ;;;Burrows;cap.;;;;;cap. Burrows, trip. 57, tons. 2,187: con carga;;;;;;1888_04_07;;;
Día 14:;;N/A: ;;;Corbett;cap.;;;;;-Filadelfia en 14 días, berg. amar Miranda, captten Corbett. trip 9, tons. 407: con carbón, á Hgatts y Comp. -Boston en 21 días, berg. amer. Occean Pearl. capitán Stelson, trip. 8, tons. 436: con carbóa, á Escobedo y Velázquez.;amer.;Miranda;;;berg.;1888_04_07;Filadelfia;;
;;N/A: ;;;Harding;cap.;;;;;cap. Harding, trip. 9, tons. 390: con madera, á la;;;;;;1888_04_07;;;
;;N/A:  | N/A: ;;;Haulon;cap.;;;;;Mascotte, cap. Haulon, trip. 35, tons. 520: con;;Mascotte;;;;1888_04_08;;;
Día 6:;;;;;Ogg;cap.;;;;;-Fi ade fia en 6 días, vap. ing Benacre, cap. Ogg.;ing;Benacre;;;vap.;1888_04_08;Fi ade fia;;
Día 20:;;N/A:  | N/A: ;;;Wilcot;cap.;;;;;tip 22, tons. 1,130: con carbón, á Luís V. Placé. -Lunenberg en 20 días, gol. ing. Susin, cap. Wilcot, trip. 6, tons. 97: con carga, á Lawton y Hno;ing.;Susin;;;gol.;1888_04_08;Lunenberg;;
Dia 7:;;N/A: ;;;Robertsou;cap.;;;;;Dia 7: Da Cardiff en 23 días, vap. ing Alasca, cap. Robertsou, trip. 22, tons. 1,282: con carbón, á M. Calvo;ing;Alasca;;;vap.;1888_04_10;Cardiff;;
Día 18:;;;;;Arribi;cap.;;;;;Cádiz en 18 días, vap. esp. Carolina, cap. Arribi,;esp.;Carolina;;;vap.;1888_04_10;Cádiz;;
Día 16:;;N/A: ;;;Bottle;cap.;;;;;Mobila en 16 días, gol. amer. Cartis Akerlig, capit Bottle, trip. 8, tons. 359: con madera, á la;amer.;Cartis Akerlig;;;gol.;1888_04_10;Mobila;;
Dia 9:;;N/A:  | N/A: ;;;Baker;cap.;;;;;Dia 9: De Nueva-Orleans y escalas en 5 dias, vap. ameriHutchinson, capitan Baker. trip 35, tons. 1,492:;;ameriHutchinson;;;vap.;1888_04_10;Nueva-Orleans;;
Día 49:;;N/A: ;;;Mc Kay;cap.;;;;;con carga general, á Lawton y Hnos. - -Tampa y ayu-Hueso e it dias, vap americano Olivette, cap. Mc Kay, trip 49, tons. 1,104:;americano;Olivette;;;vap.;1888_04_10;Tampa;;
;;N/A:  | N/A: ;;;Reynolds;cap.;;;;;Washington, cap. Reynolds, trip. 56, tons. 1,650.;;;;;;1888_04_11;Washington;;
Día 11:;;N/A: ;;;Halland;cap.;;;;;Dia 11: De Nueva York en 11 días, berg. amer. Odorilla, capitán Halland, trip. 9, tons. 397: con carbón, á E;amer.;Odorilla;;;berg.;1888_04_12;Nueva York;;
;;;;;Hall;cap.;;;;;Mascotte, cap. Hall, trip 35, tons. 520: en las 're;;Mascotte;;;;1888_04_12;;;
;;N/A: ;;;Parson;cap.;;;;;"cap. Parson; trip. 8, tons. 615: con carbón, á";;;;;;1888_04_12;;;
;;N/A: ;;;Burrows;cap.;;;;;cap. Burrows, trip. 44, tons. 1,287: con azúcar, á;;;;;;1888_04_12;;;
;;N/A: ;;;Baker;cap.;;;;;cap. Baker, trip. 35. tons. 909: con azúcar de;;;;;;1888_04_13;;;
;;N/A: ;;;;cap.;;;;;cap. Rhodes, trip. 11, tons. 621: con carbón, á la;;Rhodes;;;trip.;1888_04_13;;;
;;N/A: ;;;Rettig;cap.;;;;;Columbia, cap. Rettig, trip 42, tons. 1,285: con;;;;;;1888_04_13;Columbia;;
Dia 12:;;N/A:  | N/A: ;;;Dodge;cap.;;;;;Dia 12: De Matanzas en 1 días, gol. amer. Nillie J. Dinamore, caq. Dodge, trip. », tons. 363: en lastre, & H.;amer.;Nillie J. Dinamore;;;gol.;1888_04_14;Matanzas;;
Dia 13:;;;;;Gorordo;cap.;;;;;Dia 13: De Gibara en 10 horas, vap. esp. Miguel M. de Pinillos, cap Gorordo, trip. 62, tons. 2,124: con;esp.;Miguel M. de Pinillos;;;vap.;1888_04_14;Gibara;;
Día 14:;;N/A:  | N/A: ;;;Haulon;cap.;;;;;Dia 14: De Tampa y Cayo-Hueso en 1 dias, vap. americano Olivette, cap. Haulon, trip. 49, tons. 1,104;americano;Olivette;;;vap.;1888_04_15;Tampa y Cayo-Hueso;;
Día 8:;;N/A: ;;;Lacy;cap.;;;;;-Mobila en 8 días, gol. amer. Emma Hedter, capitáu Lacy, trip. 7, tons. 277: con madera, á la orden;amer.;Emma Hedter;;;gol.;1888_04_15;Mobila;;
;;N/A:  | N/A: ;;;Ochoa;cap.;;;;;de Herrera, cap. Ochoa, trip, 43, tons. 624: con;;de Herrera;;;;1888_04_17;;;
Dia 15:;;N/A:  | N/A: ;;;Gardón;cap.;;;;;Dia 15: De Santander y escalas en 18 días, vapor correo español España, cap. Gardón, trip 76, tons. 1,840:;español;España;;;vapor;1888_04_17;Santander;;
;;N/A: ;;;Leuyarraga;cap.;;;;;cap. Leuyarraga, trip. 32 tons. 1,390: con carga;;;;;;1888_04_17;;;
Dia 16:;;;;;Staples;cap.;;;;;Dia 16: De Nueva Orleans y escalas en 4 dias, vap. americano Morgan, cap. Staples, trip. 33, tons. 909: con;americano;Morgan;;;vap.;1888_04_17;Nueva Orleans;;
;;N/A: ;;;Hall;cap.;;;;;Mascotte, cap. Hall, trip. 35, tons. 520: con efec;;Mascotte;;;;1888_04_17;;;
Día 15:;;N/A: ;;;Squires;cap.;;;;;-Nueva York en 15 días, gol. amer. Charles Morford, cap Squires, trip. 7, tons. 350: con carbón,;amer.;Charles Morford;;;gol.;1888_04_17;Nueva York;;
Día 18:;;N/A: ;;;Gormby;cap.;;;;;Borton en 18 días. gol. ing. Severn, cap. Gormby, trip 8, tons. 4'6: con carbón, á la orden.;ing.;Severn;;;gol.;1888_04_17;Borton;;
Día 8:;;N/A: ;;;Lowell;cap.;;;;;cap. Lowell, tr. p. 8, tons. 373: con carbón, á Santa María;;;;;tr.;1888_04_17;Santa María;;
;;N/A: ;;;Stevens;cap.;;;;;cap. Stevens, trip. 39, tons. 1,151: con carga genaral, á Hidalgo y Comp.;;;;;;1888_04_18;;;
Día 18:;;N/A:  | N/A: ;;;Haulon;cap.;;;;;Dia 18: De Tampa y Cayo-Hueso en 1 dias, vap. americano Olivette, cap. Haulon, trip. 49, tons. 1,104:;americano;Olivette;;;vap.;1888_04_19;Tampa y Cayo-Hueso;;
;;;;;Burlev;cap.;;;;;Atlanta, cap. Burlev, trip. 41, tons. 1,154: con;;Atlanta;;;;1888_04_20;;;
Día 4:;;N/A: ;;;Cúrtis;cap.;;;;;-Nueva York en 4 dias vap. amer. Saratoga, capitán Cúrtis, trip. 60, tons. 1,692: con carga general, á Hidalgo v Cp.;amer.;Saratoga;;;vap.;1888_04_20;Nueva York;;
Día 2:;;N/A: ;;;Larrinaga;cap.;;;;;-Cienfuegos en 2 días, vap. esp. Buenaventura, capitán Larrinaga, trip. 38, tons. 1.331: con carga;esp.;Buenaventura;;;vap.;1888_04_20;Cienfuegos;;
;;N/A: ;;;;cap.;;;;;cap. Truefett, trip. 26, tons. 1,489: con carbón, á;;Truefett;;;;1888_04_22;;;
Día 21:;null;N/A: ;;;Mulbusn;cap.;;;null;;Dis 21: De Filadelfia en 6 días, vap. ing. Occean Prince, capitán Mulbusn, trip. 21, tons. 1,125 con carbón, á;ing.;Occean Prince;;;vap.;1888_04_24;Filadelfia;;
Día 7:;;N/A: ;;;Atelbin;eap.;;;;;-Mobila en 7 días, gol. amer. Alarshell, eap. Atelbin, trip. 7, tons. 290: con madera, á César;amer.;Alarshell;;;gol.;1888_04_24;Mobila;;
;;N/A: ;;;Aldecoa;cap.;;;;;cap. Aldecoa, trip. 40, tons. 2,514: con carga, &;;;;;;1888_04_24;;;
Dia 23:;;N/A: ;;;Baker;cap.;;;;;Dia 23: De Nueva-Orleans y escalas en 4 dias, vap. ameriHutchinson, capitan Baker, trip 35, tons. 1,492:;;ameriHutchinson;;;vap.;1888_04_24;Nueva-Orleans;;
Día 1:;;N/A:  | N/A: ;;;Haulon;cap.;;;;;-Tampa y Usyo-kinoso en 1 dias, vap americano Olivette, cap. Haulon, trip. 49, tons. 1,104:;americano;Olivette;;;vap.;1888_04_24;Tampa y Usyo-kinoso;;
Dia 21:;;;;;Desken;cap.;;;;;Dia 21: D De Nueva York en 4 días, vap. amer. City of Alexandría, cap. Desken, trip. 55, tons. 1,625: con;amer.;City of Alexandría;;;vap.;1888_04_25;Nueva York;;
Día 19:;;N/A: ;;;Santalauri;cap.;;;;;-Santander en 19 días, vap. esp. Benita, cap. Santalauri, trip. 27, tons. 1,028: con carga general, á;esp.;Benita;;;vap.;1888_04_25;Santander;;
;;;;;Torrens;cap.;;;;;Clón, cap. Torrens, trip. 52. tons. 1,74: con;;Clón;;;;1888_04_25;;;
Día 15:;;N/A:  | N/A: ;;;P ttsburg.;cap.;;;;;-Baltimore en 15 días, berg. amer Wm. A. Marburg, cap. P ttsburg. trip. 9, tous. 678: con carbón, á Barrios y Comp;amer;Wm. A. Marburg;;;berg.;1888_04_25;Baltimore;;
;;N/A: ;;;Loriug;cap.;;;;;cap. Loriug, trip. 8, tons. 59 1: con carbón, á Barrios y Comp.;;;;;;1888_04_25;;;
Dia 21:;;N/A: ;;;Bradley;cap.;;;;;Dia 21: De Filadelfia en 12 días, berg. amer. J. F. Merry, capitán Bradley, trip. 13, tons. 448: con carbón,;amer.;J. F. Merry;;;berg.;1888_04_26;Filadelfia;;
;;N/A:  | N/A: ;;;Hall;cap.;;;;;Mascotte, cap. Hall, trip. 85, tons. 520: con efectos, & Lawton y Hnos.;;Mascotte;;;;1888_04_26;;;
Día 19:;;N/A: ;;;Nowel;cap.;;;;;Nueva York en 19 días bergantin americano Havilah, cap. Nowel, trip. 9, tons. 506, con carbón,;americano;Havilah;;;berg.;1888_04_26;Nueva York;;
Día 6:;;N/A: ;;;Baker;cap.;;;;;"-Matanzas en 6 horas vapor americano Hutchinson, cap. Baker, trip. 85, tons. 901; con azúcar de";americano;Hutchinson;;;vapor;1888_04_26;Matanzas;;
;;N/A: ;;;Burrows;cap.;;;;;cap. Burrows, trip. 57, tons. 2,187: con carga;;;;;;1888_04_28;;;
Dia 27:;;N/A:  | N/A: ;;;Genis;cap.;;;;;Dia 27: De Veracruz y Pregreso en 4 días, vapor-correo español Panamá, cap. Genis, trip. 67, tons. 2,085:;español;Panamá;;;vapor-correo;1888_04_29;Veracruz y Pregreso;;
Dia 28:;;N/A:  | N/A: ;;;Reynolds;cap.;;;;;Dia 28: De Matanzas en 12 horas, vap. amer City of Washington cap. Reynolds, trip. 54 tons. 1,650: en;amer;City of Washington;;;vap.;1888_04_29;Matanzas;;
;;;;;Mc Kav;cap.;;;;;Olivette, cap. Mc Kav. trip. 44, tons. 1,104: con;;Olivette;;;;1888_04_29;;;
;;N/A: ;;;Dew;cap.;;;;;cap. Dew, trip. 9, tons. 472: con carbón, á J. Barrios.;;;;;;1888_05_01;;;
;;N/A: ;;;Todd;cap.;;;;;cap. Todd, trip 10, tons. 529: con carbón, á Luís;;;;;;1888_05_01;;;
Dia 29:;;N/A: ;;;Rogers;cap.;;;;;Dia 29: De Filadelfia en 9 días, gol. amer. George W. Fenimore cap. Rogers. trip. 14 tons. 603: con carbón;amer.;George W. Fenimore;;;gol.;1888_05_01;Filadelfia;;
;;N/A: ;;;Park;cap.;;;;;cap. Park, trip. 14, tons. 634: con carbón, á G.;;;;;trip.;1888_05_01;;;
Día 5:;;N/A: ;;;Carmona;cap.;;;;;-Nueva- York en 5 días, vapor-correo esp. Mexico, cap. Carmona, trip. 63, tons. 1,366: con carga á M. Calvo y Comp.;esp.;Mexico;;;vapor-correo;1888_05_01;Nueva York;;
;;N/A: ;;;Hall;cap.;;;;;Mascotte, cap. Hall, trip. 35, tons. 520: con efec;;Mascotte;;;;1888_05_01;;;
;;N/A: ;;;Eaton;cap.;;;;;cap. Eaton, trip. 8, tons. 395, con madera á la;;;;;;1888_05_01;;;
;;N/A: ;;;Ramaziz;cap.;;;;;cap. Ramaziz, trip. 8, tons. 525, con carbón, á G.;;;;;;1888_05_01;;;
;;N/A: ;;;Laurence;cap.;;;;;cap. Laurence, trip. 11, tons. 484. con carbón, á;;;;;;1888_05_01;;;
;;N/A: ;;;Aberasturi;cap.;;;;;cap. Aberasturi, trio. 58, tons. 1,571, con carga;;;;;trio;1888_05_01;;;
Día 19:;;N/A: ;;;Bunting;trip.;;;;;Dia 19 de mayo: De Jamaica y escalas en 5 dí.8, vap. ing. Belize, cepitsu Bunting, trip. 44, tons. 632: con carg, á G.;ing.;Belize;;;vap.;1888_05_02;Jamaica;;
Día 43:;;N/A: ;;;Rettig;cap.;;;;;R. Ruthven. De Nueva York en 43 dias, vap. am. City of Columbia, cap. Rettig, trip. 42, tona. 1,285: cen carga;am.;City of Columbia;;;vap.;1888_05_02;Nueva York;;
Dia 2:;;N/A:  | N/A: ;;;Staples;cap.;;;;;Dia 2: De Nueva Orleans y escalas en 5 dias, vap. americano Morgan, cap. Staples, trip. 33, tons. 909: con;americano;Morgan;;;vap.;1888_05_03;Nueva Orleans;;
;;;;;Mc Kay;cap.;;;;;Olivette, cap. Mc Kay, trip. 44, tons. 1,104: con;;Olivette;;;;1888_05_03;;;
Día 5:;;N/A:  | N/A: ;;;Stevens;cap.;;;;;-Veracruz y escalas en 5 dias, vap. amer. Manhatan, capitán Stevens, trip. 45, tons. 1,154: con;amer.;Manhatan;;;vap.;1888_05_03;Veracruz;;
;;;;;;cap.;;;;;-Liverpool y Santander, vap. esp. Español, cap.;esp.;Español;;;vap.;1888_05_03;Liverpool y Santander;;
;;N/A:  | N/A: ;;;Rauk;cap.;;;;;cap. Rauk, trip. 9, tons. 339: con ca bón, á G.;;;;;;1888_05_04;;;
;;N/A:  | N/A: ;;;Camerón;cap.;;;;;"cap. Camerón, trip 22, tons. 757; con carga general & Higgins y Comp";;;;;;1888_05_04;;;
;;N/A: ;;;Echevarría;cap.;;;;;Saturnina, cap. Echevarría, trip. 37. tons. 1,785:;;Saturnina;;;;1888_05_05;;;
Dia 16:;;;;;Staples;cap.;;;;;Dia 16: De Nueva Orleans y escalas en 5 dias, vap. americano Morgan, cap. Staples, trip. 31, tons. 909: con;americano;Morgan;;;vap.;1888_05_08;Nueva Orleans;;
;;N/A: ;;;Haulon;cap.;;;;;Mascotte, cap. Haulon, trip. 35, tons. 520: en;;Mascotte;;;;1888_05_08;;;
;;N/A:  | N/A: ;;;Portuondo;cap.;;;;;de Cebú, cap. Portuondo. trip. 102, tons. 3,259:;;;;;;1888_05_08;Cebú;;
;;N/A:  | N/A: ;;;Rettig;cap.;;;;;Columbia, cap. Rettig. trip. 42, tons. 1,258: con;;;;;;1888_05_08;Columbia;;
;;N/A:  | N/A: ;;;Ochoa;cap.;;;;;de He rera, cap. Ochoa, tons. 624, trip 49: con;;;;;;1888_05_16;;;
Día 9:;;N/A:  | N/A:  | N/A:  | N/A: ;;;Maresma;cap.;;;;;-Trujil'o en 9 días, gol esp. Candor, cap. Maresma, trip. 7, tons. 61: en last e, á M. Suárez.;esp.;Candor;;;gol;1888_05_16;Trujil'o;;
Día 4:;;N/A:  | N/A: ;;;Reynolds;cap.;;;;;Nueva York en 4 días, vap. amer. City of Washington, cap. Reynolds, trip. 56, tons. 1,650: con;amer.;City of Washington;;;vap.;1888_05_16;Nueva York;;
;;;;;Leboeuf;cap.;;;;;cap. Leboeuf, trip. 141, tons. 2,293: con carga;;;;;;1888_05_16;;;
Día 20:;;N/A: ;;;Pierce;cap.;;;;;-Filadelfia en 20 dias berg. amer. John H. Crandon, cap. Pierce, trip. 11, tons. 394, con carbón,;amer.;John H. Crandon;;;berg.;1888_05_18;Filadelfia;;
;;N/A: ;;;Jaan;cap.;;;;;cap. Jaan, trip. 14, tons. 499: con carga general,;;;;;;1888_05_19;;;
;;N/A: ;;;Barrows;cap.;;;;;cap. Barrows. trip. 57, tons. 2,187: con carga;;;;;;1888_05_19;;;
Día 17:;;N/A: ;;;Donahoo;cap.;;;;;-Naeva York en 17 días, gol. amer. J. P. Atkinson, cap Donahoo, trip. 8, tons. 403. con carbón,;amer.;J. P. Atkinson;;;gol.;1888_05_19;Naeva York;;
Día 29:;;N/A: ;;;Sh.kve;cap.;;;;;-Londres y Nassau en 29 días, vap ing. Godalming, cap. Sh.kve, trip. 33, tons. 834: con carga;ing.;Godalming;;;vap;1888_05_19;Londres y Nassau;;
Dia 19:;;N/A: ;;;Carmona;cap.;;;;;Dia 19: De Nueva York en 4 días, vapor-correo esp. Mexico, cap. Carmona, trip. 64 tons. 1,366: con carga general, á M. Calvo y Comp.;esp.;Mexico;;;vapor-correo;1888_05_20;Nueva York;;
;;;;;Hanlon;cap.;;;;;Mascotte, cap. Hanlon, trip. 85, tons. 520: en;;Mascotte;;;;1888_05_20;;;
Día 21:;;N/A: ;;;Carding;cap.;;;;;-Boston en 21 días, berg. amer. Irene, cap. Carding, trip. 10, tons. 60: con carbón, á Escobedo;amer.;Irene;;;berg.;1888_05_20;Boston;;
;;N/A: ;;;Bates;cap.;;;;;Boyd. cap. Bates, trip. 8, tons. 602: con carbón,;;Boyd;;;;1888_05_20;;;
Dia 20:;;N/A:  | N/A: ;;;Cardona;cap.;;;;;Dia 20: De Vigo y escal в en 20 días, vapor-correo esp. Cindad Condal, cap. Cardona. trip. 91, tons. 2,607:;esp.;Cindad Condal;;;vapor-correo;1888_05_22;Vigo;;
Día 5:;;N/A:  | N/A: ;;;Baker;cap.;;;;;-Nueva-Orleans y escalas en 5 dias, vap. ameriHutchinson, cap. Baker, trip. 34, tons. 1,492: con;;ameriHutchinson;;;vap.;1888_05_23;Nueva Orleans;;
;;N/A: ;;;Stevens;cap.;;;;;cap. Stevens, trip. 39, tons. 1,151: con carga general, á Hidalgo y Comp.;;;;;;1888_05_24;;;
;;N/A: ;;;Haulon;cap.;;;;;Mascotte, cap. Haulon, trip. 35, tons. 520: en;;Mascotte;;;;1888_05_24;;;
;;;;;Burley;cap.;;;;;Atlanta, cap. Burley, trip. 41, tons. 1,151: don;;Atlanta;;;;1888_05_24;;;
Día dis:;;N/A: ;;;Bulman;cap.;;;;;Cárdenas en dis, vap. ing. Clintonia, cap. Bulman, trip. 22, tons. 1.287: con azúcar de tránsito,;ing.;Clintonia;;;vap.;1888_05_25;Cárdenas;;
;;;;;Haulon;cap.;;;;;Mascotte, cap. Haulon, tons. 520, trip. 35: con;;Mascotte;;;;1888_05_27;;;
;;N/A: ;;;Goffin;cap.;;;;;cap. Goffin, trip. 8, tons. 59: con ganado vacuno,;;;;;;1888_05_29;;;
Día 16:;;;;;Lnzárraga;cap.;;;;;-Liverpool y escalas en 16 días. vap. esp. Murciano. cap. Lnzárraga, trip. 85. tons. 1,552: con;esp.;Murciano;;;vap.;1888_05_29;Liverpool;;
Dia 29:;;;;;Denken;cap.;;;;;Dia 29: De Nueva-York en 4 días, vap. amer. City of Alexandría, cap. Denken, trip. 55, tons. 1,701: con;amer.;City of Alexandría;;;vap.;1888_05_30;Nueva-York;;
;;N/A: ;;;Banting;cap.;;;;;cap. Banting, trip. 43, tons. 632: con carga general, G. R. Ruthven.;;G. R. Ruthven;;;;1888_05_30;;;
Día 6:;;N/A: ;;;Bennis;cap.;;;;;-Matanzas en 6 horas, vap. amer. Niágara, capitán Bennis, trip. 55, tons. 1,667: con azúcar, de;amer.;Niágara;;;vap.;1888_05_30;Matanzas;;
Día 23:;;N/A: ;;;Fecman;cap.;;;;;-Filadelfia en 23 días, berg amer. Arthur C. Walde, cap. Fecman, trip. 10, tons. 664: con carbón,;amer.;Arthur C. Walde;;;berg.;1888_05_30;Filadelfia;;
;;;;;Haulon;cap.;;;;;Mascotte, cap. Haulon, tons. 520, trip. 35: en;;Mascotte;;;;1888_05_31;;;
Día 4:;;N/A: ;;;Balen;cap.;;;;;-Nueva-York en 4 dias, vap. amer. Santiago, capitán Balen, trip. 55, tons. 1,696: con carga general, á Hidalgo y Comp.;amer.;Santiago;;;vap.;1888_06_01;Nueva York;;
;;;;;Haulon;cap.;;;;;Mascotte, cap. Haulon, tons. 520, trip. 35: con;;Mascotte;;;;1888_06_03;;;
Día 29:;;N/A: ;;;Garteiz;cap.;;;;;Amberes y Hamburgo en 29 días, vap. esp. Pedro, cap Garteiz, trip. 33, tons. 765: con carga;esp.;Pedro;;;vap.;1888_06_05;Amberes y Hamburgo;;
Dia 4:;;N/A: ;;;Berga;cap.;;;;;Dia 4: De Liverpool y escalas en 26 día, vap. esp. Emiliano, cap Berga, trip. 98. tons. 1,481: con carga;esp.;Emiliano;;;vap.;1888_06_05;Liverpool;;
;;;;;Ventura;cap.;;;;;esp. Manuela, cap. Ventura, trip 44, tons. 386:;esp.;Manuela;;;;1888_06_06;;;
Día 4:;;N/A:  | N/A: ;;;Baker;cap.;;;;;Nueva-Orleans y escalas en 4 días, vap. americano Hutchinson, cap. Baker, trip. 34, toneladas;americano;Hutchinson;;;vap.;1888_06_06;Nueva-Orleans;;
Día 4:;;N/A: ;;;Rettig;cap.;;;;;-Nueva-York en 4 dias, vap. am. City of Columbia, cap. Rettig, trip. 43, tons. 1,285: con carga;am.;City of Columbia;;;vap.;1888_06_06;Nueva-York;;
;;N/A: ;;;Dutch;cap.;;;;;cap. Dutch, trip 7, tons. 238: con madera, á R.;;;;;;1888_06_06;;;
;;;;;Hanlon;cap.;;;;;Mascotte, cap. Hanlon, tons. 520, trip. 35: en;;Mascotte;;;;1888_06_07;;;
Día 4:;;N/A:  | N/A: ;;;Carmona;cap.;;;;;Dis 9: De Nueva- York en 4 días, vapor-correo esp. Mexico, cap. Carmona, trip. 63 tons. 2, 112: con carga general, & M. Calvo y Comp.;esp.;Mexico;;;vapor-correo;1888_06_10;Nueva- York;;
Día 6:;;N/A:  | N/A: ;;;Williams;cap.;;;;;-Norfolk y Cayo-Hueso en 6 of 1s, vap americaDo Rescue, cap. Williams. trip. 21, tons. 153: con;;americaDo Rescue;;;vap.;1888_06_10;Norfolk y Cayo-Hueso;;
;;;;;Haulon;cap.;;;;;Mascotte, cap. Haulon, tons. 520, trip. 35: con;;Mascotte;;;;1888_06_10;;;
Día 4:;;N/A: ;;;Burley;cap.;;;;;Nueva York en 4 días, vap. amer. City of Atlanta cap. Burley, trip. 41, tons. 1,285: con carga;amer.;City of Atlanta;;;vap.;1888_06_13;Nueva York;;
;;N/A:  | N/A: ;;;Pierce;cap.;;;;;cap. Pierce, trip 11, tons. 585: con carga generai, & L. V. Placé.;;;;;;1888_06_13;;;
;;N/A: ;;;Cartis;cap.;;;;;amer. Saratoga, cap. Cartis, trip 60, tons. 1,692:;amer.;Saratoga;;;;1888_06_13;;;
;;;;;Hanlon;cap.;;;;;Mascotte, cap. Hanlon, trip. 85, tons. 520: en;;Mascotte;;;;1888_06_14;;;
;;N/A:  | N/A: ;;;Deaken;cap.;;;;;Alexandría, cap. Deaken, trip. 58, tons. 1,701:;;;;;;1888_06_14;Alexandría;;
;;N/A: ;;;Bennis;cap.;;;;;cap. Bennis, trip. 55, tons. 1,667: con carga general, & Hidalgo y Comp.;;;;;;1888_06_15;;;
Día 26:;;N/A: ;;;Garay;cap.;;;;;-Amberes en 26 dias, vap. esp Aguadillana, capitán Garay, trip. 23, tons. 747: don carga general,;esp;Aguadillana;;;vap.;1888_06_15;Amberes;;
Día 1:;;N/A:  | N/A: ;;;Suárez;cap.;;;;;-Cayo-Hueso en 1 dia, gol. esp. Anita, cap. Suárez, trip 5, tons. 36: con carbón, á Paz.;esp.;Anita;;;gol.;1888_06_15;Cayo-Hueso;;
Día 2:;;N/A: ;;;Nouvellon;cap.;;;;;-Veracruz en 2 días, vap. franc. Lafayette, capitán Nouvellon, trip. 156. tons. 1,774: con carga;franc.;Lafayette;;;vap.;1888_06_16;Veracruz;;
;;N/A: ;;;Amigó;cap.;;;;;cap. Amigó, trip. 18, tons. 1,111: éon carga general, á Jané y Comp.;;;;;;1888_06_16;;;
Día 16:;;N/A: ;;;Fracy;cap.;;;;;-Nueva York en 16 dias bergantín amer. Teneriffe, cap. Fracy, trip. 9, tons. 518, con carbón, á;amer.;Teneriffe;;;bergantín;1888_06_16;Nueva York;;
Día 19:;;N/A: ;;;Whittier;cap.;;;;;Norfolk en 19 dias berg. amer. Ernestine, capitán Whittier, trip. 9, tons. 400, con carbón á G.;amer.;Ernestine;;;berg.;1888_06_16;Norfolk;;
;;N/A:  | N/A: ;;;Haulon;cap.;;;;;Mascotte, cap. Haulon, trip. 35, tons. 520: con;;Mascotte;;;;1888_06_17;;;
Dia 18:;;N/A:  | N/A: ;;;Perales;cap.;;;;;Dia 18: De Vigo y escalas en 19 días, vapor-correo eap. Méndez Núñez, cap. Perales, trip. 98, tons. 1,326: con;;Méndez Núñez;;;vapor-correo;1888_06_20;Vigo;;
Día 5:;;N/A:  | N/A: ;;;Staples;cap.;;;;;-Nueva-Orleans y escalas en 5 dias, vap. americano Clinton, cap. Staples, trip. 31, tons. 767: con;americano;Clinton;;;vap.;1888_06_20;Nueva Orleans;;
;;N/A: ;;;Haulon;cap.;;;;;Mascotte, cap. Haulon, trip. 35, tons. 520: en;;Mascotte;;;;1888_06_21;;;
Dia 21:;;N/A: ;;;Allen;cap.;;;;;Dia 21: De Nueva-York en 4 días, vap. amer. Santiago, capitán Allen, trip. 55, tons. 1,696: con carga general, á Hidalgo y Comp.;amer.;Santiago;;;vap.;1888_06_22;Nueva-York;;
;;N/A: ;;;Stevens;cap.;;;;;cap. Stevens, trip. 39, tons. 1,174: con carga general, á Hidalgo y Comp.;;;;;;1888_06_22;;;
;;;;;Garro;cap.;;;;;vap. esp. Cádiz, cap. Garro, tip. 34, tona 1,750:;esp.;;;;vap.;1888_06_23;Cádiz;;
;;N/A: ;;;Haulon;cap.;;;;;Mascotte, cap. Haulon, trip. 35, tons. 520: en;;Mascotte;;;;1888_06_24;;;
Día 2:;;N/A:  | N/A:  | N/A: ;;;Carballo;cap.;;;;;-Cayo-Hueso en 2 dias vivero amer. Legal Fender, cap. Carballo, trip. 8, tons. 39, en lastre, á;;Legal Fender;;;;1888_06_24;Cayo-Hueso;;
Dia 24:;;N/A: ;;;Olaguinel;cap.;;;;;Dia 24: De Vigo en 23 días, vap. esp. Bremeña cap. Olaguinel, trip 23, tons 764: con carga general, á;esp.;Bremeña;;;vap.;1888_06_26;Vigo;;
;;N/A:  | N/A: ;;;Haulon;cap.;;;;;Mascotte, cap. Haulon, trip. 35, tons. 520: con;;Mascotte;;;;1888_06_28;;;
;;;;;Burley;cap.;;;;;Atlanta, cap. Burley, trip. 41, tons. 1,151: com;;Atlanta;;;;1888_06_28;;;
Día 28:;;N/A:  | N/A:  | N/A:  | N/A:  | N/A: ;;;Curtis;cap.;;;;;Día 28: De Nueva York en 4 días, vap amer. Saratoga, capitán Curtis, trip.  60, tons. 1,692: con carga general, á Hidalgo y Comp. - -Cayo- Hueso en 1 día, gol. amer. Fhorce Brothera, cap. Gay, trip . 5. tons. 27: en lastre, &;amer.;Saratoga;;;vap.;1888_06_29;Nueva York;;
Día 60:;;N/A:  | N/A: ;;;Vallés;cap.;;;;;-Montevideo en 60 días, berg. erp. Fe, cap. Vallés, trip. 8, tons. 248:  con tasajo, á Cano.;;erp. Fe;;;berg.;1888_06_29;Montevideo;;
Día 38:;;N/A:  | N/A: ;;;González;cap.;;;;;-Las Palmas y Santa Cruz en 38 días, bca. espafiola Feliciana, cap.  González, trip. 11, tons. 500:;espafiola;Feliciana;;;bca.;1888_06_29;Las Palmas y Santa Cruz;;
;;;;;Hanlon;cap.;;;;;Mascotte, cap. Hanlon, trip. 85, tons. 520: con;;Mascotte;;;;1888_07_01;;;
Día 82:;;;;;;cap.;;;;;-Barcelona en 82 dias berg gol. esp. María, cap.;esp.;María;;;berg;1888_07_01;Barcelona;;
Día 3:;;;;;Daaken;cap.;;;;;Día 3: De Nueva-York en 4 días, vap. amer. City of Alexandría, cap. Daaken, trip. 55, tons. 1,652: con;amer.;City of Alexandría;;;vap.;1888_07_04;Nueva-York;;
;;N/A: ;;;Gay;cap.;;;;;cap. Gay, trip. 8, tons. 27: en lastre, & Lawton;;Lawton;;;;1888_07_05;;;
Día 7:;;N/A: ;;;Curtis;cap.;;;;;-Sagua en 7 horas vap amer. Saratoga, cap. Curtis, trip. 60, tons. 1,692: con azúcar de tránsito, á;amer.;Saratoga;;;vap;1888_07_05;Sagua;;
;;;;;Hanlon;cap.;;;;;Mascotte, cap. Hanlon, trip. 85, tons. 520: en;;Mascotte;;;;1888_07_05;;;
Día 11:;;N/A: ;;;Ventura;cap.;;;;;-Paerto-Rico y escalas en 11 días, vap. esp. Mannela, cap. Ventura trip. 44, tons. 38%: con earga general, & Sobrinos de R. de Herrera.;esp.;Mannela;;;vap.;1888_07_06;Puerto Rico;;
;;N/A:  | N/A: ;;;Carballo;cap.;;;;;cap. Carballo, trip. 8, tons. 48: en lastre, & L.;;;;;;1888_07_07;;;
Día 149:;;N/A: ;;;Leboeuff;cap.;;;;;días del último, vap. franc. Saint Germain, capitán Leboeuff. trip. 149, tons. 2,292: con carga general, á Bridat, Mort ós y Cp.;franc.;Saint Germain;;;vap.;1888_07_07;;;
Día 10:;;N/A: ;;;Barce16;cap.;;;;;Ponce en 10 dias berg. esp. Lealtad, cap. Barce16, trip. 13 tons. 206, con carga general, á Badia y p.;esp.;Lealtad;;;berg.;1888_07_07;Ponce;;
;;;;;Hanlon;cap.;;;;;Mascotte, cap. Hanlon, trip. 85, tons. 520: con;;Mascotte;;;;1888_07_08;;;
Día 57:;;N/A: ;;;Revello;cap.;;;;;-Génova en 57 días, bea. ital. Biagino, cap. Revello, trip. 12, tons. 467: con carga general, á J.;ital.;Biagino;;;bea.;1888_07_10;Génova;;
Día 5:;;N/A:  | N/A: ;;;Baker;cap.;;;;;Nueva-Orleans y escalas en 5 días, vap. americano Hutchinson, cap. Baker, trip. 34, toneladas;americano;Hutchinson;;;vap.;1888_07_10;Nueva-Orleans;;
Día 11:;;N/A: ;;;Allen;cap.;;;;;Día 11: De Nueva-York en 4 días, vap. amer. Santiago, capitán Allen, trip. 55, tons. 1,696: con carga general, á Hidalgo y Comp.;amer.;Santiago;;;vap.;1888_07_12;Nueva-York;;
;;N/A: ;;;Haulon;cap.;;;;;Mascotte, cap. Haulon, trip. 35, tons. 520: en;;Mascotte;;;;1888_07_12;;;
Día 21:;;N/A:  | N/A: ;;;Larrinaga;cap.;;;;;-Liverpool y escalas en 21 días, vap. eap. Buenaventura, cap, Larrinaga, trip. 35, tons. 1,331: con;;Buenaventura;;;vap.;1888_07_12;Liverpool;;
Día 133:;;N/A: ;;;Acarregul;cap.;;;;;-Barcelona en 133 días, bea. Flora, cap. Acarregul, trip. 14, tons. 535: con carga general, á Fabra y Comp.;;Flora;;;bea.;1888_07_12;Barcelona;;
Día 4:;;N/A: ;;;Rettig;cap.;;;;;-Nueva-York en 4 dias, vap. am. City of Columbia, cap. Rettig, trip. 48, tons. 1,285: con carga;am.;City of Columbia;;;vap.;1888_07_13;Nueva York;;
;;N/A:  | N/A: ;;;Bonet;cap.;;;;;esp. Hugo, cap. Bonet, trip. 40, tons. 1,772: con;esp.;Hugo;;;;1888_07_14;;;
;;N/A: ;;;Leboeuf;cap.;;;;;cap. Leboeuf, trip 150, tons. 2,296: con carga general, & Bridat, Mont Ros y Comp.;;;;;;1888_07_17;;;
Día 16:;;;;;Reynolds;cap.;;;;;Tía 16: De Nueva York en 4 días, vap. amer. City of Washington, cap Reynolds, trip. 58, tons. 1,652: con;amer.;City of Washington;;;vap.;1888_07_17;Nueva York;;
;;N/A:  | N/A: ;;;Oncil;cap.;;;;;cap. Oncil, trip. 7, tons. 220: con madera, & J.;;;;;;1888_07_18;;;
;;;;;Gardón;cap.;;;;;España, cap. Gardón, trip. 108, tons. 2,516: con;;;;;;1888_07_18;España;;
;;;;;Haulon;cap.;;;;;Mascotte, cap. Haulon, trip. 85, tons. 520: en;;Mascotte;;;;1888_07_19;;;
Día 4:;;N/A: ;;;Carmona;cap.;;;;;Dis De Nueva York en 4 días, vapor-correo esp. Mexico, cap. Carmona, trip. 64, tons. 1,366: con carga general, á M. Calvo y Comp.;esp.;Mexico;;;vapor-correo;1888_07_20;Nueva York;;
;;N/A: ;;;Arocena;cap.;;;;;cap. Arocena, trip 14, tons. 885: con carga generai, á Martínez, Méndez y Comp.;;;;;;1888_07_20;;;
Día 4:;;N/A: ;;;Burley;cap.;;;;;-Nueva-York en 4 días, vap. amer, City of Atlanta cap. Burley, trip. 40, tons. 1,154: con carga;amer;City of Atlanta;;;vap.;1888_07_20;Nueva-York;;
;;N/A:  | N/A: ;;;Desken;cap.;;;;;Alexandría, cap. Desken, trip. 55, tons. 1,652:;;;;;;1888_07_20;Alexandría;;
Día 20:;;;;;Shery;cap.;;;;;Día 20: De Nassau en 6 días, gol. ingl. Research, cap. Shery,;ingl.;Research;;;gol.;1888_07_21;Nassau;;
;;;;;Hanlon;cap.;;;;;Mascotte, cap. Hanlon, trip. 85, tons. 620: en;;Mascotte;;;;1888_07_22;;;
;;N/A:  | N/A: ;;;Tejeiro;cap.;;;;;de Satrúategui. cap. Tejeiro, trip 84 tons. 1,280:;;;;;;1888_07_24;Satrúategui;;
Día 24:;;N/A: ;;;Backer;cap.;;;;;Dís 24: De Jamaica y escalas, en 5 días, vap. in. Dee, capitán Backer, trip. 48, tons. 1,196: con carga genera, á Francke, hijo y Comp.;in.;Dee;;;vap.;1888_07_25;Jamaica;;
Día 26:;;N/A:  | N/A: ;;;Allen;cap.;;;;;Dia 26: De Veracruz y escalas, en 6 días, vap. amer. Santiago, cap Allen, trip. 55, tons. 1,695: con carga general, & Hidalgo y Comp.;amer.;Santiago;;;vap.;1888_07_27;Veracruz;;
Día 5:;;N/A:  | N/A: ;;;Baker;cap.;;;;;Nueva-Orleans y escalas en 5 días, vap. americano Hutchinson, cap. Baker, trip. 34, toneladas;americano;Hutchinson;;;vap.;1888_07_27;Nueva-Orleans;;
Día 26:;;;;;Cam-rón;cap.;;;;;Día 26: De Cienfuegos, en 2 días, vap. ing. Ardangorm, capitán Cam-rón, trip. 23, tons. 1,043: con carga;ing.;Ardangorm;;;vap.;1888_07_28;Cienfuegos;;
;;N/A: ;;;Stevens;cap.;;;;;cap. Stevens, trip. 38, tons. 1,154: con carga general, á Hidalgo y Comp.;;;;;;1888_07_28;;;
;;;;;Haulon;cap.;;;;;Mascotte, cap. Haulon, trip. 85, tons. 520: en;;Mascotte;;;;1888_07_29;;;
Día 28:;;;;;Durall;cap.;;;;;Día 28: De Barcelona y escalas. en 30 días, vap. esp. Castilla, cap. Durall, trip 39, tons. 1,604: con carga;esp.;Castilla;;;vap.;1888_07_31;Barcelona;;
Día 16:;;;;;Aldecocea;cap.;;;;;-Liverpool y Coruña, en 16 dies, vap esp Navarro, cap. Aldecocea, trip. 40, tons. 2,514: con;esp;Navarro;;;vap;1888_07_31;Liverpool;;
;;N/A: ;;;Hansen;cap.;;;;;cap. Hansen, trip. 55, tons. 1,667: con carga general, á Hidalgo y Comp.;;;;;;1888_07_31;;;
;;;;;Hall;cap.;;;;;Mascotte, cap. Hall, trip. 35, tons. 520: con;;Mascotte;;;;1888_08_02;;;
;;N/A:  | N/A: ;;;Gardón;cap.;;;;;esp. Erpaña, cap. Gardón, trip. 100, tons. 1,836:;esp.;Erpaña;;;;1888_08_02;;;
Día 2:;;N/A: ;;;Rettig;cap.;;;;;Día 2: De Nueva-York en 4 dias, vap. am. City of Columbia, cap. Rettig, trip. 4%, tons. 1,285: con carga;am.;City of Columbia;;;vap.;1888_08_03;Nueva-York;;
;;N/A:  | N/A: ;;;Gelats;cap.;;;;;cap. Gelats, trip. 11, tons. 273: con tasajo, á Gelats y Comp.;;;;;;1888_08_04;;;
;;N/A: ;;;Peterson;cap.;;;;;cap. Peterson, trip. 7, tons. 160: con madera,;;;;;;1888_08_04;;;
Día 4:;;N/A:  | N/A: ;;;Robinsón;cap.;;;;;Día 4: De Nuevs-York en 28 días, gol. amer Adele Fhackara, cap. Robinsón, trip. 8, tone 525: con carbón, á la Compañía del Gas.;amer;Adele Fhackara;;;gol.;1888_08_05;Nuevs-York;;
;;;;;Hall;cap.;;;;;Mascotte, cap. Hall, trip. 35, tons. 520: con;;Mascotte;;;;1888_08_05;;;
;;N/A:  | N/A: ;;;Ventura;cap.;;;;;esp. Manuela, cap. Ventura, trip. 46, tons. 386:;esp.;Manuela;;;;1888_08_07;;;
Día 10:;;N/A: ;;;Tellechea;cap.;;;;;-Barbadas, en 10 días, vap. esp Santiagueña, capitán Tellechea, trip. 20, tons. 500: con guano, á;esp;Santiagueña;;;vap.;1888_08_07;Barbadas;;
Día 6:;;;;;Deaken;cap.;;;;;Día 6: De Nueva-York en 4 días, vap. amer. City of Alexandría, cap. Deaken, trip. 57, tons. 1,652: con;amer.;City of Alexandría;;;vap.;1888_08_07;Nueva-York;;
;;N/A: ;;;Pierce;cap.;;;;;Sala, cap. Pierce, trip. 10, tons. 537: con petróleo, á L. V. Placé.;;;;;sala;1888_08_07;;;
Día 7:;;N/A:  | N/A: ;;;Staples;cap.;;;;;Día 7: De Nueva Orleans y escalas en 6 dias, vap. americano Clinton, cap. Staples, trip. 32, tons. 1,187;americano;Clinton;;;vap.;1888_08_08;Nueva Orleans;;
Día 8:;;;;;Cameron;cap.;;;;;Día 8: De Matanzas en 12 horas vap. ing. Ardangorn, capitan Cameron, trip. 22, tons. 1043, con carga de;ing.;Ardangorn;;;vap.;1888_08_09;Matanzas;;
;;;;;Hall;cap.;;;;;Mascotte, cap. Hall, trip. 35, tons. 520: con;;Mascotte;;;;1888_08_09;;;
;;;;;Sevilla;cap.;;;;;León, cap. Sevilla, trip. 6, tons. 2085 con carga;;León;;;;1888_08_09;;;
Día 7:;;;;;Rettez;cap.;;;;;-Cárdenas en 7 horas, vap. amer. City of Colombia, cap. Rettez, trip. 56, tons. 1285, con carga de;amer.;City of Colombia;;;vap.;1888_08_09;Cárdenas;;
Día 1:;;;;;Bonet;cap.;;;;;-Caibarien en 1 dia vap. esp. Hugo, cap. Bonet,;esp.;Hugo;;;vap.;1888_08_09;Caibarien;;
Día 5:;;N/A: ;;;Curtis;cap.;;;;;-Veracruz y escalar, en 5 días, vap. amer. Saratoga, cap. Curtis, trip. 55, tons. 1,692: con carga;amer.;Saratoga;;;vap.;1888_08_09;Veracruz;;
Día 9:;;N/A: ;;;Carmona;cap.;;;;;Día 9: De Nueva-York en 4 días, vapor-correo esp. Mexico, cap. Carmona, trip. 64, tons. 2,112: con carga general, á M. Calvo y Comp.;esp.;Mexico;;;vapor-correo;1888_08_10;Nueva-York;;
Día 25:;;;;;Aberastury;cap.;;;;;Liverpool y escalas, en 25 días, vap. esp. Enrique, cap. Aberastury, trip. 39, tons. 1,571: con;esp.;Enrique;;;vap.;1888_08_10;Liverpool;;
Día 5:;;N/A: ;;;Faircloth;cap.;;;;;-Filadelfia, en 5 días, vap. amer. Progreso, capitán Faircloth, trip. 27, tons. 1,445: con carbón, á;amer.;Progreso;;;vap.;1888_08_10;Filadelfia;;
Día 10:;;N/A: ;;;Burley;cap.;;;;;Día 10: De Nueva-York en 5 días, vap. amer. City of Atlanta cap Burley, trip. 40, tons. 1,154: con carga;amer.;City of Atlanta;;;vap.;1888_08_11;Nueva-York;;
;;N/A: ;;;Vancelow;cap.;;;;;Packard, cap. Vancelow, trip. 9, tons. 304: cor;;Packard;;;;1888_08_11;;;
;;;;;Hall;cap.;;;;;Mascotte, cap. Hall, trip. 35, tons. 520:  en;;Mascotte;;;;1888_08_12;;;
Día 85:;;N/A:  | N/A: ;;;Barbuzan;cap.;;;;;-San Sebastián y Tenerife, en 85 días, boa. española Victoria, cap. Barbuzan, trip. 16, tons. 505 :;española;Victoria;;;boa.;1888_08_12;San Sebastián y Tenerife;;
Día 13:;;N/A: ;;;Allen;cap.;;;;;Día 13: De Nueva-York en 4 días, vap. amer. Santisgo, capitán Allen, trip. 57, tons. 1,695: con carga general, á Hidalgo y Comp.;amer.;Santisgo;;;vap.;1888_08_14;Nueva-York;;
Día 1:;;;;;Baker;cap.;;;;;-Nueva- Orleans y escala en 1 días, vap. amertcano Hutchinson, cap. Baker, trip. 32, toneladas;am.;Hutchinson;;;vap.;1888_08_15;Nueva Orleans;;
Día 14:;;;;;Tellería;cap.;;;;;Día 14: De Liverpool y escales, en 24 días, vap. esp. Eúakaro, cap. Tellería. trip. 31, tons. 1,395: con carga;esp.;Eúakaro;;;vap.;1888_08_16;Liverpool;;
Día 15:;;N/A:  | N/A: ;;;Ochoa;cap.;;;;;Día 15: De Puert-Rico y escalas, en 12 días, vap. esp. Ramón de Herrera, cap. Ochoa, trip. 48, tons. 624:;esp.;Ramón de Herrera;;;vap.;1888_08_16;Puert-Rico;;
Día 2:;;N/A:  | N/A:  | N/A:  | N/A: ;;;Nouvellon;cap.;;;;;-Veracruz, en 2 días, vap. franc Lafayette, capitán Nouvellon, trip. 45, tons. 1.774: con carga general, & Bridat, Mont' Res y Comp.;;franc Lafayette;;;vap.;1888_08_16;Veracruz;;
;;;;;Hall;cap.;;;;;Mascotte, cap. Hall, trip. 85, tons. 520: con;;Mascotte;;;;1888_08_16;;;
Día 4:;;N/A: ;;;Bennis;cap.;;;;;-Veracruz y escalas, en 4 días, vap. amer. Niágara, cap Bennis, trip. 55, tons. 1,687: con carga;amer.;Niágara;;;vap.;1888_08_16;Veracruz;;
;;N/A: ;;;Hansen;cap.;;;;;cap. Hansen, trip. 40, tons. 1,154: con azбcar de;;;;;;1888_08_17;;;
;;N/A: ;;;Maristany;cap.;;;;;cap. Maristany, tons. 313: con tasajo, á la orden;;;;;;1888_08_17;;;
;;N/A: ;;;Rodríguez;cap.;;;;;cap. Rodríguez, trip. 11, tons. 248: con carga general, á Antonio Serpa.;;;;;;1888_08_17;;;
;;N/A: ;;;Stevens;cap.;;;;;cap. Stevens, trip. 88, tons. 1,154: con carga general, á Hidalgo y Comp.;;;;;;1888_08_18;;;
;;;;;;cap.;;;;;cap. Sevilla, trip 58, tons. 3,202: en lastre, & C.;;Sevilla;;;;1888_08_19;;;
Día 27:;;;;;Alegría;cap.;;;;;-Liverpool y escalas, en 27 días, vap. esp. Leonora, cap. Alegría, trip. 87, tons. 1,806: con carga;esp.;Leonora;;;vap.;1888_08_19;Liverpool;;
;;;;;Hall;cap.;;;;;Mascotte, cap. Hall, trip. 35, tons. 520: con;;Mascotte;;;;1888_08_19;;;
Día 20:;;;;;Reynolds;cap.;;;;;"Dí 20: De Nueva York en 4 días, vap. amer. City of Washington, cap. Reynolds, trip. 58, tons. 1,650; con";amer.;City of Washington;;;vap.;1888_08_21;Nueva York;;
;;;;;Hall;cap.;;;;;Mascotte, cap. Hall, trip. 85, tons. 520: con;;Mascotte;;;;1888_08_23;;;
Día 8:;;N/A: ;;;Stevens;cap.;;;;;-Matanzas, en 8 horas, vap. amer. Manhattan, capitán Stevens, trip. 38. tons. 1.151: con carga de;amer.;Manhattan;;;vap.;1888_08_23;Matanzas;;
Día 21:;;N/A: ;;;Bengoa;cap.;;;;;Liverpool y esaalas, en 21 días, vap. eap. Emilla10, cap Bengoa, trip. 86 tons. 2,098: con carga;;Emilla10;;;vap.;1888_08_24;Liverpool;;
;;N/A:  | N/A: ;;;Desken;cap.;;;;;Alexandría, cap. Desken, trip 57, tons. 1,652:;;;;;;1888_08_24;Alexandría;;
Día 44:;;N/A: ;;;Me Intosh;cap.;;;;;-Nueva-York en 44 dias, vap. am. City of Columbia, cap. Me Intosh, trip. 42 tons. 1,285: con;am.;City of Columbia;;;vap.;1888_08_24;Nueva-York;;
Día 4:;;N/A:  | N/A: ;;;Staples;cap.;;;;;-Nueva Orleans y escalas en 4 dias, vap. americano Clinton, cap. Staples, trip. 30, tons. 1,187:;americano;Clinton;;;vap.;1888_08_28;Nueva Orleans;;
Día F8:;;N/A:  | N/A: ;;;Comas;cap.;;;;;Montevideo y Ponce, en F8, diae, berg. gol. español Clotilde, cap. Comas, trip. 11, tons. 292: con;español;Clotilde;;;berg.;1888_08_28;Montevideo y Ponce;;
;;N/A:  | N/A: ;;;Genis;cap.;;;;;de Cadiz, cap. Genis, trip. 117, tons. 3,171, con;;;;;;1888_08_29;Cadiz;;
;;N/A: ;;;González;cap.;;;;;bea. esp. Fama de Canarias, cap. González. tripalación 16, tons. 414: con frutos, & Martínez,;esp.;Fama de Canarias;;;bea.;1888_08_30;;;
Día 29:;;N/A: ;;;Carmona;cap.;;;;;Día 29: De Nueva-York en 44 días, vapor-correo esp. Mexico, cap. Carmona, trip. 64, tons. 1,386: con carga general, á M. Calvo y Comp.;esp.;Mexico;;;vapor-correo;1888_08_30;Nueva-York;;
Día 7:;;N/A:  | N/A: ;;;Mc Intosh;cap.;;;;;-Cárdenas, en 7 horas, vsp amer. City of Columbia, cap. Mc Intosh, trip. 35, tons. 1,285: con &súcar de tránsito, & Hidalgo y Comp.;amer.;City of Columbia;;;vsp;1888_08_30;Cárdenas;;
Día 24:;;N/A:  | N/A: ;;;Sosvilla;cap.;;;;;-Santa Cruz de las Palmas, en 24 días, boa. española Verdad, cap. Sosvilla, trip. 19, tons. 436:;española;Verdad;;;boa.;1888_08_30;Santa Cruz de las Palmas;;
Día 30:;;N/A: ;;;Allen;cap.;;;;;Día 30: De Veracruz y escalas, en 5 días, vap. amer. Sentiago. cap. Allen, trip. 55, tons. 1,695: con carga;amer.;Sentiago;;;vap.;1888_08_31;Veracruz;;
Día 30:;;N/A: ;;;Hausen;cap.;;;;;Día 30: De Nueva York en 5 días, vap. amer. City of Atlanta, cap. Hausen, trip. 40, tons. 1,154: con carga;amer.;City of Atlanta;;;vap.;1888_09_01;Nueva York;;
Día 31:;;N/A: ;;;Edmond;cap.;;;;;Día 31: De Glasgow en 23 dias vap. ing. Ardubhan, cap. Edmond, trip. 19 tons. 741, con carga general, á;ing.;Ardubhan;;;vap.;1888_09_01;Glasgow;;
;;N/A: ;;;Osamiz;cap.;;;;;cap. Osamiz, trip. 24, tons. 818, con carga geneneral, á C. Blanch y Cp.;;;;;;1888_09_02;;;
;;;;;Portuondo;cap.;;;;;de Cebú. cap. Portuondo, trip. 107, tons. 8,259,;;;;;;1888_09_02;Cebú;;
;;N/A: ;;;Bennis;cap.;;;;;cap. Bennis, trip. 55, tons. 1,667: con carga ge;;;;;;1888_09_04;;;
Día 60:;;N/A: ;;;San Jaan;cap.;;;;;-Montevideo y escalas, en 60 días, hea. esp. Fanpy, cap. San Jaan, trip. 12, tons. 405: con tasajo,;esp.;Fanpy;;;hea.;1888_09_05;Montevideo;;
Día 1:;;N/A: ;;;Carballo;cap.;;;;;-Cayo-Huseo, en 1 día, vivero amer. Legal Tender, cap. Carballo, trip. 6, tons. 89: con pescado;;Legal Tender;;;vivero;1888_09_05;Cayo-Huseo;;
Dia 6:;;N/A: ;;;Larrauri;cap.;;;;;Dia 6: De Liverpool y escalas, en 26 días, van. esp. Edusrdo, cap. Larrauri. trip. 89, tons. 1,246: con carga;esp.;Edusrdo;;;van.;1888_09_07;Liverpool;;
Día 5:;;N/A: ;;;Baker;cap.;;;;;lastre, & Lawton y Hnos. - Nueva-Orleans y escalas en 5 días, vap. americano Hutchinson, cap. Baker, trip. 88, toneladas;americano;Hutchinson;;;vap.;1888_09_07;Nueva-Orleans;;
;;N/A: ;;;Stevens;cap.;;;;;cap. Stevens, trip. 39, tons. 1,154: con efectos, &;;;;;;1888_09_08;;;
Día 17:;;N/A: ;;;Garteiz;cap.;;;;;-Cádiz, en 17 días, vap esp. Federico, cap. Garteiz, trip 38, tons. 1,259: con carga general, &;esp.;Federico;;;vap;1888_09_09;Cádiz;;
Día 4:;;N/A:  | N/A: ;;;Desken;cap.;;;;;Nueva-York en 4 días, vap. amer. City of Alexandría, cap. Desken, trip. 57, tons. 1,652: con;amer.;City of Alexandría;;;vap.;1888_09_11;Nueva-York;;
Día 1:;;N/A: ;;;Peacon;cap.;;;;;-Cayo-Hueso, en 1 día, gol. amer. Champion, capitán Peacon, trip. 6, tons. 33, con pescado, á M.;amer.;Champion;;;gol.;1888_09_11;Cayo-Hueso;;
Día 11:;;;;;Mares;cap.;;;;;Dís 11: De Trajillo, en 15 días, gol. esp. Condor, cap. Mares;esp.;Condor;;;gol.;1888_09_12;Trajillo;;
Día 6:;;N/A: ;;;Stevens;cap.;;;;;-Matanzas, en 6 horas vap. amer. Manhattan, oapitán Stevens, tr p. 34. tons. 1,151: con azúcar de;amer.;Manhattan;;;vap.;1888_09_13;Matanzas;;
Día 13:;;N/A: ;;;Dominguez;cap.;;;;;Día 13: De Cádiz y escalas en 14 dias vap. esp Antonio Lóqez, cap. Dominguez, trip. 182, ts. 2153, con carga general, á M. Calvo y cp.;esp;Antonio Lóqez;;;vap.;1888_09_14;Cádiz;;
Día XX:;;;;;Me I tosh;cap.;;;;;-Nueva-York en dias, vap. am. City of Columbia, cap. Me I tosh, trip. 49, tons. 1,285: con;am.;City of Columbia;;;vap.;1888_09_15;Nueva York;;
Día 15:;;N/A: ;;;Curtis;cap.;;;;;Día 15: De Veracruz y escalas, en 5 días, vap. amer. Saratoga, cap. Curtis, trip. 64, tons. 1,692: con carga;amer.;Saratoga;;;vap.;1888_09_16;Veracruz;;
;;N/A:  | N/A: ;;;Haulon;cap.;;;;;Mascotte, cap. Haulon, trip. 35, tons. 520: con;;Mascotte;;;;1888_09_16;;;
;;N/A:  | N/A: ;;;Onzaín;cap.;;;;;Méndez Núñez, cap. Onzaín, trip. 91, tons. 1,326:;;;;;;1888_09_16;;;
Día 73:;;N/A: ;;;Cisa;cap.;;;;;-Montevideo y escalas, en 73 días, berg esp. Dolores, cap. Cisa, trip. 18, tons. 218: con tasajo, á;esp.;Dolores;;;berg;1888_09_18;Montevideo;;
Día 17:;;N/A:  | N/A: ;;;Staples;cap.;;;;;Día 17: De Nueva Orleans y escalas, en 6 dias, vap. americano Clinton, cap. Staples, trip. 30, tons. 707:;americano;Clinton;;;vap.;1888_09_18;Nueva Orleans;;
Día 23:;;N/A:  | N/A: ;;;Allen;cap.;;;;;con carga general, á Lawton y Hnos. -Nueva-York en 4 días, vap. amer. Santiago, capitán Allen, trip. 57, tons. 1,695: con carga general, á Hidalgo y Comp. -Liverpool y escalas, en 23 días, vap. esp. Cádiz,;amer.;Santiago;;;vap.;1888_09_18;Nueva-York;;
;;N/A: ;;;Garro;cap.;;;;;cap. Garro, trip. 37, tons. 2,697: con carga general, á Sucesores de C. G. Saenz y Comp.;;;;;;1888_09_18;;;
Día 18:;;N/A: ;;;Garteiz;cap.;;;;;Día 18: De Liverpool y Santander, en 241 días, vap. oep. Pedro, esp. Garteiz, trip. 33, tons. 765: con carga;esp.;Pedro;;;vap.;1888_09_19;Liverpool y Santander;;
;;N/A:  | N/A: ;;;Me Intosch;cap.;;;;;bia, cap. Me Intosch, trip. 36, tons. 1,285: con;;bia;;;;1888_09_20;;;
Dia 19:;;N/A: ;;;Carmona;cap.;;;;;Dia 19: De Nueva-York en 44 días, vapor-correo esp. Mexico, cap. Carmona, trip. 64, tons. 2, 112: con carga general, á M. Calvo y Comp.;esp.;Mexico;;;vapor-correo;1888_09_20;Nueva-York;;
;;N/A: ;;;Garfield;cap.;;;;;cap. Garfield, trip. 5, tons. 76: con madera, á la;;;;;;1888_09_20;;;
;;;;;Hanlon;cap.;;;;;Mascotte, cap. Hanlon, trip. 85, tons. 520: em;;Mascotte;;;;1888_09_21;;;
Día 5:;;N/A: ;;;Hausen;cap.;;;;;Nueva York en 5 días, vap. amer, City of Atlanta, cap. Hausen, trip. 40, tons. 1,154: con carga;amer;City of Atlanta;;;vap.;1888_09_21;Nueva York;;
;;;;;Advisse;cap.;;;;;de Brest, cap. Advisse, trip. 87, tons. 1,471: con;;;;;;1888_09_23;Brest;;
Día 24:;;;;;Ora;cap.;;;;;-Barcelona y escalas, en 24 días, vap. eap. Hernán Cortés, cap. Ora, trip. 62, tons. 2,112: con;;Hernán Cortés;;;vap.;1888_09_23;Barcelona;;
;;;;;Haulon;cap.;;;;;Mascotte, cap. Haulon, trip. 85, tons. 520: con;;Mascotte;;;;1888_09_25;;;
;;N/A:  | N/A: ;;;López;cap.;;;;;L. Villaverde, cap. López, trip. 56, tons. 1,500:;;L. Villaverde;;;;1888_09_25;;;
Día 4:;;N/A:  | N/A: ;;;Reynolds;cap.;;;;;-Nueva York en 4 días, vap. amer. City of Washington, cap. Reynolds, trip. 58, tons. 1,650: con;amer.;City of Washington;;;vap.;1888_09_25;Nueva York;;
;;N/A: ;;;Potorson;cap.;;;;;cap. Potorson, trip 6, tons. 160: con madera, á;;;;;;1888_09_26;;;
Día 25:;;N/A:  | N/A: ;;;Baker;cap.;;;;;Día 25: De Nueva-Orleans y escalas, en 4 días, vap. americano Hutchinson, cap. Baker, trip. 33, toneladas;americano;Hutchinson;;;vap.;1888_09_26;Nueva-Orleans;;
;;;;;Haulon;cap.;;;;;Mascotte, cap. Haulon, trip. 85, tons. 520: con;;Mascotte;;;;1888_09_27;;;
;;N/A: ;;;Arribalzaga;cap.;;;;;cap. Arribalzaga, trip. 86. tons. 1,515: con carga;;;;;;1888_09_28;;;
;;N/A:  | N/A: ;;;Deaken;cap.;;;;;Alexandría, cap. Deaken, trip. 57, tons. 1,652:;;;;;;1888_09_28;Alexandría;;
;;N/A: ;;;Stevens;cap.;;;;;cap. Stevens, trip. 54, tons. 1,154: con carga gener. 1 Hidalgo y Comp.;;;;;;1888_09_29;;;
;;;;;Hanlon;cap.;;;;;"Mascotte, cap. Hanlon, trip. 35, tons. 520; con";;Mascotte;;;;1888_09_30;;;
Día 4:;;N/A: ;;;Resalt;cap.;;;;;-Nueva-York en 4 días, vap. esp. Panamá, capitán Resalt, trip. 65, tons. 2,085: con carga general, & M. Calvo y Comp.;esp.;Panamá;;;vap.;1888_09_30;Nueva-York;;
Día 22:;;N/A: ;;;James;cap.;;;;;cap. James, trip. 10, tons. 489: con madera. -Amberes, en 22 días, vap. frano. Nantes, capitán;;frano;;;vap.;1888_10_02;Amberes;;
Día 105:;;N/A:  | N/A: ;;;Hussey;cap.;;;;;& M. Calvo y Comp. -Lobos de Alfaeras, en 105 días, frag. amer. Portland Lloyds, esp. Hussey, trip. 18, tons. 1,180:;amer.;Portland Lloyds;;;frag.;1888_10_02;Lobos de Alfaeras;;
Día 19:;19-10-YYYY;N/A:  | N/A: ;;;Curtis;cap.;;;;;Día 19 de octubre: De Nueva York en 4 días, vap. amer. Saratoga, capitán Curtis, trip. 61, tons. 1,692: con carga general, & Hidalgo y Comp.;amer.;Saratoga;;;vap.;1888_10_02;Nueva York;;
;;N/A:  | N/A:  | N/A:  | N/A: ;;;;cap.;;;;;cap. Advisee, trip. 81. tons. 1,479: con carga general, & B idat, Mont' Ros y Comp.;;Advisee;;;trip.;1888_10_04;;;
Día 6:;;N/A: ;;;Stevens;cap.;;;;;-Matanzas, en 6 horas, vap. amer Mathattan, capitán Stevens, trip. 39, tons. 1,154: con azúcar de;amer;Mathattan;;;vap.;1888_10_04;Matanzas;;
;;N/A: ;;;Arocena;cap.;;;;;cap. Arocena, trip 14, tons. 35: con madera, á;;;;;;1888_10_04;;;
;;;;;Hanlon;cap.;;;;;Mascotte, cap. Hanlon, trip. 35, tons. 520: en;;Mascotte;;;;1888_10_04;;;
Día 4:;;;;;Mc Intosh;cap.;;;;;Día 4: De Nueva-York, en 4 dias, vap. am. City of Columbia, cap. Mc Intosh, trip. 49, tons. 1,285: con;am.;City of Columbia;;;vap.;1888_10_05;Nueva-York;;
Día 24:;;N/A: ;;;Pearson;cap.;;;;;-Glasgow, en 24 días, vap. ing. Fort William, capitán Pearson, trip. 21, tons. 1778: con efectos, &;ing.;Fort William;;;vap.;1888_10_05;Glasgow;;
;;N/A:  | N/A: ;;;Haulon;cap.;;;;;Mascotte, cap. Haulon, trip. 85, tons. 520: an;;Mascotte;;;;1888_10_07;;;
Día 67:;;N/A: ;;;González;cap.;;;;;Montevidee, en 67 días, berg. esp. Ataulfo, capitán González, trip. 11, tons. 268: con tasajo, á;esp.;Ataulfo;;;berg.;1888_10_07;Montevidee;;
;;N/A:  | N/A: ;;;Squires;cap.;;;;;Bergen, cap. Squires, trip. 8. tons. 633: con carbón y petróleo, à la Compañía del Gas.;;;;;;1888_10_07;Bergen;;
Día 8:;;N/A:  | N/A: ;;;Staples;cap.;;;;;Día 8: De Nueva-Orleans y escalas, en 6 días, vap. americano Clinton, cap. Staples, trip. 13, tons. 717:;americano;Clinton;;;vap.;1888_10_09;Nueva-Orleans;;
Día 4:;;N/A: ;;;Hausen;cap.;;;;;-Nueva-York, en 4 días, vap. amer. City of Atlanta, cap. Hausen, trip. 40, tons. 1,154: con carga general, á Hidalgo y Comp.;amer.;City of Atlanta;;;vap.;1888_10_09;Nueva York;;
;;N/A:  | N/A: ;;;García;cap.;;;;;Ciudad Condal, cap. García, trip 118, tons. 1416,;;;;;;1888_10_10;Ciudad Condal;;
Día 26:;;N/A: ;;;Beotegui;cap.;;;;;-Liverpool y escalas eu 26 dias vapor eap Buenaventara, cap. Beotegui trip. 41, tons. 1981, con;;Buenaventura;;;vapor;1888_10_10;Liverpool;;
Día 44:;;N/A: ;;;Carmona;cap.;;;;;-Nueva York en 44 días, vapor-correo esp. Mexico, cap. Carmona, trip. 64 tons. 1,366: con carga general, & M. Calvo y Comp.;esp.;Mexico;;;vapor-correo;1888_10_10;Nueva York;;
Día 10:;;N/A: ;;;Luzárrage;cap.;;;;;Dís 10: De Liverpool y escalas, en 25 días, vap. esp. Murciano, cap Luzárrage, trip. 36, tons. 1,552: con carga general, á C Blanch y Comp.;esp.;Murciano;;;vap.;1888_10_11;Liverpool;;
;;;;;Haulon;cap.;;;;;Mascotte, cap. Haulon, trip. 85, tons. 520: en;;Mascotte;;;;1888_10_11;;;
Día 14:;;N/A:  | N/A: ;;;Mc Intosh;cap.;;;;;-Cárdenas, en 14 horas, vap. ame. City of Columbis, cap. Mc Intosh, trip. 36, tons. 1,285: con;ame.;City of Columbis;;;vap.;1888_10_11;Cárdenas;;
;;N/A: ;;;Peacon;cap.;;;;;cap. Peacon, trip. 6, tons. 33: con pescado salado,;;;;;;1888_10_12;;;
;;N/A: ;;;Bennis;cap.;;;;;cap. Bennis, trip. 58, tons. 1,667: con carga general, á Hidalgo y Comp.;;;;;;1888_10_12;;;
Día 11:;;;;;Mestre;cap.;;;;;Día 11: De Barcelona y escalas, en 27 días, vap. esp. Cristóbal Colón, cap Mestre, trip. 52, tons. 1,741: con;esp.;Cristóbal Colón;;;vap.;1888_10_13;Barcelona;;
Día 15:;;N/A:  | N/A: ;;;Baker;cap.;;;;;Día 15: De Nueva-Orleans y escalas, en 4 días, vap. americano Hutchinson, cap. Baker, trip. 34, toneladas;americano;Hutchinson;;;vap.;1888_10_16;Nueva-Orleans;;
Día 3:;;N/A:  | N/A:  | N/A: ;;;Nouvellou;cap.;;;;;-Veracruz, en 3 días, vap. fr no. Lafayette, capitán Nouvellou, trip. 153, tons. 1,774: con carga;fr;Lafayette;;;vap.;1888_10_16;Veracruz;;
Día 17:;;N/A: ;;;Lamson;cap.;;;;;-Nueva York en 17 díus gol. am Jennie Hall, capitán Lamson, trip. 7, tons. 391, con carga gene;am;Jennie Hall;;;gol.;1888_10_16;Nueva York;;
;;N/A: ;;;Stevens;cap.;;;;;cap. Stevens, trip. 39, tons. 1,154: con carga ge;;;;;;1888_10_18;;;
Día 79:;;N/A:  | N/A:  | N/A: ;;;Cabruja;cap.;;;;;-Montevideo, en 79 días, berg. esp. Llovet, capitán Cabruja, trip. 10, tons. 183: con tasajo, á Alberuf;esp.;Llovet;;;berg.;1888_10_18;Montevideo;;
Día 1:;;N/A: ;;;Carballo;cap.;;;;;-Cayo-Hueso, en 1 día, vivero amer. Legal Tender, cap. Carballo, trip. 6, tons. 39: con pescado,;;Legal Tender;;;vivero;1888_10_18;Cayo-Hueso;;
Día 17:;;N/A: ;;;Gardóa;cap.;;;;;-Cádiz v escalas en 17 días vap. esp España, capitón Gardóa, trip. 101, tons. 2,646: con carga;esp;España;;;vap.;1888_10_18;Cádiz;;
;;N/A:  | N/A: ;;;Teljeiro;cap.;;;;;de Satrústegui, cap. Teljeiro, trip. 92, tons. 1,287:;;;;;;1888_10_19;Satrústegui;;
Día 7:;;N/A: ;;;Curtis;cap.;;;;;-Veracruz y escalas, en 7 días, vap. amer. Saratoga. cap. Curtis, trip. 61, tons. 1,692: con carga;amer.;Saratoga;;;vap.;1888_10_19;Veracruz;;
;;N/A:  | N/A: ;;;Cardona;cap.;;;;;Iglesias, cap. Cardona, trip. 56, tons. 1,822: con;;Iglesias;;;;1888_10_20;;;
;;;;;Hanlon;cap.;;;;;Mascotte, cap. Hanlon, trip. 85, tons. 520: en;;Mascotte;;;;1888_10_21;;;
Día 6:;;N/A: ;;;Stevens;cap.;;;;;-M tanzas, en 6 horas, vap. amer. Manhattan, capitán Stevens, trip. 89, tons. 1,154: con carga de;amer.;Manhattan;;;vap.;1888_10_21;M tanzas;;
Día 28:;;N/A:  | N/A: ;;;Me I tosh;cap.;;;;;Día 28: De Nueva-York, en 4 dias, vap. am. City of Columbia, cap. Me I tosh, trip, 42, tons, 1,285: con;am.;City of Columbia;;;vap.;1888_10_23;Nueva-York;;
;;N/A: ;;;;cap.;;;;;cap. Snow, trip. 12, tons. 749: con taaajo.;;Snow;;;;1888_10_23;;;
Día 23:;;;;;Carmona;cap.;;;;;Día 23: De Veracruz y escalas. en 5 días, vapor-correo español México, cap. Carmona, trip. 65, tons. 2,112:;español;México;;;vapor-correo;1888_10_24;Veracruz;;
Día 19:;;N/A:  | N/A: ;;;Averastury;cap.;;;;;-Liverpool y escalas, en 19 días, vap. esp. Enrique, cap. Averastury, trip. 39, tons. 1,591: con;esp.;Enrique;;;vap.;1888_10_24;Liverpool;;
;;;;;Haulon;cap.;;;;;Mascotte, cap. Haulon, trip. 85, tons. 520: en;;Mascotte;;;;1888_10_25;;;
Día 5:;;N/A: ;;;Bennis;cap.;;;;;-Veracruz y escalas, en 5 días, vap. amer. Niágara, cap. Bennis, trip. 55, tons. 1,667: con carga;amer.;Niágara;;;vap.;1888_10_25;Veracruz;;
;;N/A: ;;;Davidson;cap.;;;;;cap. Davidson, trip. 8, tons. 568: con efectos, á;;;;;;1888_10_25;;;
Día 4:;;;;;Reynolds;cap.;;;;;-Nueva York en 4 días, vap. amer. City of Washington, cap. Reynolds, trip. 58, tons. 1,650: con;amer.;City of Washington;;;vap.;1888_10_26;Nueva York;;
;;N/A: ;;;Soavilla;cap.;;;;;cap. Soavilla, trip. 15, tons. 482: con carga generai, & Martínez, Méndez y Comp.;;;;;;1888_10_27;;;
Día 23:;;N/A:  | N/A: ;;;Me Intosh;cap.;;;;;Día 23: Da Cárdenas, en 6 horas, vap amer. City of Columbia, cap. Me Intosh, trip. 36 tons. 1,285: con;amer.;City of Columbia;;;vap.;1888_10_27;Cárdenas;;
Dia 27:;;;;;Staples;cap.;;;;;Dia 27: De Nueva Orleans y escalas, en Fi días, vap. americano Clinton, cap. Staples, trip. 81, tons. 717:;americano;Clinton;;;vap.;1888_10_28;Nueva Orleans;;
;;;;;Mo Kay;cap.;;;;;Olivette, cap. Mo Kay, trip. 85, tons. 520: en;;Olivette;;;;1888_10_28;;;
;;N/A:  | N/A: ;;;Portuondo;cap.;;;;;de Cebá, cap. Portuondo, trip 112, tons. 3,219=;;;;;;1888_10_28;Cebá;;
Dia 29:;;;;;Dean;cap.;;;;;Dia 29: De Glasgow y escala, en 28 días, vap. ing. Ardancorrach, cap. Dean, trip. 21, tons. 948: con carga;ing.;Ardancorrach;;;vap.;1888_10_30;Glasgow;;
Día 17:;;;;;Moanfort;cap.;;;;;Amapoles (N E.), en 17 días, berg. amer. Fannie B. Fu ker, cap. Moanfort, trip. %, tons. 388:;amer.;Fannie B. Fu ker;;;berg.;1888_10_30;Amapoles (N E.);;
Día 5:;;N/A:  | N/A: ;;;Hausen;cap.;;;;;-Nueva-York, en 5 días, vap. amer. City of Atlanta, cap. Hausen, trip. 40, tons. 1,154: con carga general, & Hidalgo y Comp.;amer.;City of Atlanta;;;vap.;1888_10_30;Nueva-York;;
Día 5:;;N/A: ;;;Resalt;cap.;;;30-10-2023;;Dis 30: De Nueva York, en 5 días, vap. esp. Panamá, capitán Resalt, trip. 61, tons. 2,085: con carga general, & M. Calvo y Comp.;esp.;Panamá;;;vap.;1888_10_31;Nueva York;;
;;;;;Me Kay;cap.;;;;;Olivette, cap. Me Kay, trip. 45, tons. 1,104: con;;Olivette;;;;1888_11_01;;;
;;;;;Deaken;cap.;;;;;Alexandría, cap. Deaken, trip. 55, tons. 1,652:;;;;;;1888_11_01;Alexandría;;
Día 33:;;N/A: ;;;Riera;cap.;;;;;-Barcelona, en 33 días corbeta esp María Antonia, cap. Riera, trip. 13, tons. 436: con carga general, & Jané y Comp.;esp;María Antonia;;;corbeta;1888_11_02;Barcelona;;
;;N/A: ;;;Bruce;cap.;;;;;cap. Bruce, trip, 6, tons. 96: con madera, á R. P.;;;;;trip;1888_11_02;;;
Día 10:;10-11-YYYY;N/A:  | N/A: ;;;Gardón;cap.;;;;;Dís 10 de noviembre: De Veracruz y Progreso, en 4 días, var or-correo español España, cap. Gardón, trip. 162, tons. 2,545:;España;;;;var or-correo español;1888_11_03;Veracruz y Progreso;;
Dia 2:;;N/A: ;;;Aspura;cap.;;;;;Dia 2: De Liverpool, en 19 días, vap. esp. Elvira, cap. Aspura, trip. 27, tons. 764: con carga, á Deulofen,;esp.;Elvira;;;vap.;1888_11_03;Liverpool;;
;;;;;Mc Kay;cap.;;;;;Olivette, cap. Mc Kay, trip. 45, tons. 1,104: con;;Olivette;;;;1888_11_04;;;
;;;;;Hausen;cap.;;;;;cap. Hausen. trip. 35, tons. 1,151: con carga de;;;;;;1888_11_04;;;
Día 20:;;;;;;cap.;;;;;-Nueva-York en 20 días pol. Chas Morfort, cap.;;Chas Morfort;;;pol.;1888_11_04;Nueva-York;;
Día 5:;;N/A:  | N/A: ;;;Baker;cap.;;;;;Nueva-Orleans y escalaa, en 5 días, vap. americano Hutchinson, cap. Baker, trip. 34, toneladas;americano;Hutchinson;;;vap.;1888_11_06;Nueva-Orleans;;
Día 11:;;N/A: ;;;Simmons;cap.;;;;;-Nueva-York, en 11 días, boa. smer. Mendoza cap. Simmons. trip. 12, tons. 799: con carga general, & Luis V. Placé. Saint Nazaire y Santander, en 14 días del último, vap franc. Saint Germain, cap Leboeuf, tripulación 150. tons. 2,290: con carga general, á Bridat, Mont' Ros y Comp. -Nueva-York, en 5 días, vap. amer. Manhatan cap. Stevens, trip. 39, tons. 1,154: con carga general, á Hidalgo y Comp.;smer.;Mendoza;;;boa.;1888_11_06;Nueva-York;;
;;N/A:  | N/A: ;;;Me Kay;cap.;;;;;Olivette, cap. Me Kay, trip. 45, tons. 1,104 en;;Olivette;;;;1888_11_08;;;
;;N/A: ;;;Bennis;cap.;;;;;cap. Bennis, trip. 58, tons. 1,667: con carga general, á Hidalgo y Comp.;;;;;;1888_11_09;;;
Día 8:;;;;;Mc;cap.;;;;;Día 8: De Cornwallis, en 14 da's, gol. amer. Gern, cap. Mc;amer.;Gern;;;gol.;1888_11_10;Cornwallis;;
Día 4:;;N/A:  | N/A: ;;;Mc Intosh;cap.;;;;;-Nueva-York, en 4 dias, vap. am. City of Columbia, cap. Mc Intosh, trip. 42, tons. 1,285: con;am.;City of Columbia;;;vap.;1888_11_13;Nueva York;;
Día 13:;null;N/A:  | N/A: ;;;Staples;cap.;;;null;;Di 13: De Nueva-Orleans y escalas, en 6 días, vap. americano Clinton, cap. Staples, trip. 31, tons. 717:;americano;Clinton;;;vap.;1888_11_14;Nueva-Orleans;;
;;N/A: ;;;Peacon;cap.;;;;;cap. Peacon, trip. 5, tons. 37: con pescado salado,;;;;;;1888_11_14;;;
;;;;;Mc Kay;cap.;;;;;Olivette, cap. Mc Kay, trip. 45, tons. 1,104: con;;Olivette;;;;1888_11_15;;;
Día 8:;;N/A: ;;;Loredo;cap.;;;;;efectos, & Lawton y Hnos. -Ship Island en 8 dias bca, esp. Trinita: cap. Loredo, trip 12, tons. 808, con madera á Santa María;esp.;Trinita;;;bca;1888_11_15;Ship Island;;
Día 1i:;;N/A:  | N/A: ;;;Deaken;cap.;;;;;Día 1i: De Nueva-York, en 4 días, vap. amer. City of Alexandría, cap. Deaken, trip. 58, tons. 1,652: con;amer.;City of Alexandría;;;vap.;1888_11_16;Nueva-York;;
Día 15:;;;;;Dameseu;cap.;;;;;Día 15: De Filadelfi, en 16 días, gol. amer. Edward B Leisenring, cap. Dameseu, trip. 8, tona. 410: con;amer.;Edward B Leisenring;;;gol.;1888_11_16;Filadelfi;;
Día 4:;;N/A: ;;;Curtis;cap.;;;;;-Veracruz y escalas, en 4 días, vap amer. Saratoga, cap. Curtis, trip. 64, tons. 1,692: con carga;;Saratoga;;;vap.;1888_11_16;Veracruz;;
;;N/A:  | N/A:  | N/A:  | N/A: ;;;Leboeuf;cap.;;;;;cap. Leboeuf, trip. 150, tons. 2,293: con carga general, Bridat, Mont' Ros y Comp.;;;;;;1888_11_17;;;
Día 12:;;N/A: ;;;Wiltbagk;cap.;;;;;-Pascagoula, en 12 días, gol. amer. John B. Hamel, cap. Wiltbagk, trip. 8. tons. 504: con madera, á la orden. -Filadelfia, ea 7 días, vap ing. Earnmoor, capitán;amer.;John B. Hamel;;;gol.;1888_11_17;Pascagoula;;
Día 1:;;N/A: ;;;Cla k;cap.;;;;;Bardiff, en 1 días, vap. ing. Gordon Castle, capitán Cla k, trip. 27, tons. 1,319: con csrbón, &;ing.;Gordon Castle;;;vap.;1888_11_17;Bardiff;;
;;N/A: ;;;Lachiondo;cap.;;;;;cap. Lachiondo, trip. 40, tons. 2,064: con carga;;;;;;1888_11_17;;;
;;N/A: ;;;Bates;cap.;;;;;cap. Bates, trip. 8, tons. 633: con carga, á Zalueta y Sobrinos.;;;;;;1888_11_20;;;
Día 18:;;N/A: ;;;Tobiars;cap.;;;;;Día 18: De Cardiff, en 60 días, boa. norg. Neptun, cap. Tobiars, trip. 10, tons. 428: con carbón, á Bridat,;norg.;Neptun;;;boa.;1888_11_20;Cardiff;;
;;N/A: ;;;Dyer;cap.;;;;;Davis, cap. Dyer, trip. 8, tons. 374: con madera ,;;Davis;;;;1888_11_20;;;
Día 19:;;N/A: ;;;Atrisqueta;cap.;;;;;Día 19: -Gíbars en 1 días vap. esp. Miguel M. Pinillos, cap. Atrisqueta, trip. 55 tons. 2,124: con carga de tránsito, & Claudio G. Saenz y Ca;esp.;Miguel M. Pinillos;;;vap.;1888_11_20;Gíbars;;
Día 5:;;N/A:  | N/A: ;;;Baker;cap.;;;;;-Nueva-Orleans y escalas, en 5 días, vap. americano Hutchinson, cap. Baker, trip. 34, toneladas;americano;Hutchinson;;;vap.;1888_11_21;Nueva Orleans;;
Día 5:;;N/A: ;;;Hausen;cap.;;;;;-Nueva-York, en 5 días, vap. amer. City of Atlanta, cap. Hausen, trip. 40, tons. 1,154: con carga general, á Hidalgo y Comp.;amer.;City of Atlanta;;;vap.;1888_11_21;Nueva York;;
;;;;;Mo Kay;cap.;;;;;Olivette, cap. Mo Kay, trip. 45, tons. 1,104: con;;Olivette;;;;1888_11_22;;;
Día 43:;;N/A:  | N/A: ;;;Reynolds;cap.;;;;;-Nueva-York en 43 días, vap. amer. City of Washington, cap. Reynolds, trip. 58, tons. 1,650: con;amer.;City of Washington;;;vap.;1888_11_23;Nueva York;;
Día 63:;;N/A: ;;;Bennie;cap.;;;;;carga general. á Hidalgo y Comp. - -Veracruz y escalas, en 63 días, vap. amer. Niágara, cap. Bennie, trip. 55, tons. 1,667: con carga;amer.;Niágara;;;vap.;1888_11_23;Veracruz;;
;;N/A: ;;;Cirarda;cap.;;;;;cap. Cirarda, trip. 40, tons. 2,196: con carga general, á Deulofeu, bijo y Comp.;;;;;;1888_11_24;;;
;;;;;Mc Kay;cap.;;;;;Olivette, cap. Mc Kay, trip. 45, tons. 1,104: con;;Olivette;;;;1888_11_25;;;
;;N/A: ;;;Hansen;cap.;;;;;cap. Hansen. tip. 35, tons. 1,151: en lastre, á;;;;;;1888_11_25;;;
Día 25:;;N/A:  | N/A: ;;;Aldamis;cap.;;;;;Día 25: Do Liverpool y Santander, en 22 días, vap. esp. Carolina, cap. Aldamis, trip. 40, tone. 1,350: con;esp.;Carolina;;;vap.;1888_11_27;Liverpool y Santander;;
;;N/A:  | N/A: ;;;San Emeterio;cap.;;;;;Ciudad de Santander, cap. San Emeterio, tripulación 127, tons. 2,298: con carga general, & M.;;;;;;1888_11_27;Ciudad de Santander;;
;;N/A: ;;;Stevens;cap.;;;;;cap. Stevens, trip. 39, tons. 1,154: con carga general, á Hidalgo y Comp.;;;;;;1888_11_27;;;
Día 5:;;N/A:  | N/A: ;;;Staples;cap.;;;;;260 De Nueva-Orleans y escalas, en 5 días, vap. americano Clinton, cap. Staples, trip. 32, tons. 717:;americano;Clinton;;;vap.;1888_11_28;Nueva-Orleans;;
;;;;;Me Kay;cap.;;;;;Olivette, cap. Me Kay, trip. 49, tons. 1,104 en;;Olivette;;;;1888_11_29;;;
Día 29:;;N/A:  | N/A:  | N/A: ;;;Mairamboll;cap.;;;;;Día 29: De Montevideo y Trinidad (B. V.), en 19 días del último, palaera esp. Virgen del Carmen, cap. Mairamboll trip. 8, fons 11: con tasejo. & la orden. De Nueva York en 4 días, vap. esp. México, capitán Carmona, trip. 6. tona. 2,112: con carga;esp.;Virgen del Carmen;;;palaera;1888_11_30;Montevideo y Trinidad;;
Día 8:;;N/A: ;;;Stevens;cap.;;;;;-Matanzas, en 8 horas, vap. amer. Manhattan capitán Stevens, tip. 39, tons. 1,154: en lastre, á;amer.;Manhattan;;;vap.;1888_11_30;Matanzas;;
Día 30:;;N/A:  | N/A: ;;;Curtis;cap.;;;;;Día 30: Da Nueva-York en F díus, vap. amer. Saratoga capitán Curtis, trip. 61, tons. 1,692: cou carga general, & Hidalgo y Comp.;amer.;Saratoga;;;vap.;1888_12_01;Nueva-York;;
;;;;;Deaken;cap.;;;;;Alexandría, cap. Deaken, trip. 65, tons. 1,652:;;;;;;1888_12_02;Alexandría;;
Día 9:;;N/A: ;;;Monford;cap.;;;;;-Filadelfia en 9 dias vap. ing. Earmvell, cap. Monford, trip. 25, tons. 1922, con carbón, à L. V.;ing.;Earmvell;;;vap.;1888_12_04;Filadelfia;;
Dia 3:;;N/A:  | N/A: ;;;Me Irto-b;cap.;;;;;Dia 3: De Nueva-York, en 4 dias, vap. am. City of Columbia, cap. Me Irto-b, trip. 42. tons. 1,285: con;am.;City of Columbia;;;vap.;1888_12_04;Nueva-York;;
Día 4:;;N/A:  | N/A: ;;;Baker;cap.;;;;;Dis 4: De Nueva Orleans y escala. en 4 días, vap. americano Hutchinson, cap. Baker, trip. 35, toneladas;americano;Hutchinson;;;vap.;1888_12_05;Nueva Orleans;;
Día 10:;;N/A: ;;;Ventura;cap.;;;;;-Paerto-Rico y escalas, en 10 días, vap. esp. Manuela, cap. Ventura, trip. 44, tons. 386: cen carga;esp.;Manuela;;;vap.;1888_12_06;Puerto Rico;;
Día 7:;;N/A: ;;;Me Into h;cap.;;;;;-Cárdenas. en 7 horas, vap. amer. City of Columbia, cap. Me Into h, trip. 38. tons. 1,275: con carga de tránsito, á Hidalgo y Comp.;amer.;City of Columbia;;;vap.;1888_12_07;Cárdenas;;
;;N/A: ;;;Lockhart;cap.;;;;;cap. Lockhart. tiip. 6, tons. 179: con papas,;;;;;tiip;1888_12_08;;;
Día 7:;;;;;Dyer;cap.;;;;;Día 7: Pare Norfolk, gol. amer. Grace Davis, cap. Dyer.;amer.;Grace Davis;;;gol.;1888_12_08;Norfolk;;
;;;;;Me Kay;cap.;;;;;Olivette, cap. Me Kay, trip. 46, tons. 1,104: con;;Olivette;;;;1888_12_09;;;
;;N/A: ;;;Peacon;cap.;;;;;cap. Peacon, trip. 7, tons. 87, eon pescado salado,;;;;;;1888_12_09;;;
;;N/A: ;;;Chapelain;cap.;;;;;cap. Chapelain, trip 84, tons. 108, con carga general, & Brieat, Mont'Ros y Cp.;;;;;;1888_12_09;;;
;;N/A: ;;;Albóniga;cap.;;;;;Alava, cap. Albóniga, trip. 87, tons. 1,247: cou;;Alava;;;;1888_12_11;;;
Día 4:;;N/A: ;;;López;cap.;;;;;-Nueva York, en 4 días vap. esp. M. L. Villaverde, cap. López, trip. 58, fone. 1.501: con carga;esp.;M. L. Villaverde;;;vap.;1888_12_11;Nueva York;;
Día 16:;;N/A: ;;;Alegris;cap.;;;;;-Cád z, en 16 días, vap. esp. Leonora, cap. Alegris, trip. 89, tons. 1,806: con carga general, á;esp.;Leonora;;;vap.;1888_12_11;Cádiz;;
Día 36:;;N/A:  | N/A: ;;;Bilbao;cap.;;;;;-Sunderland y Las Palmas, en 36 días, vapor epañol Elena Oms, cap. Bilbao. trip. 19, tons. 383:;español;Elena Oms;;;vapor;1888_12_11;Sunderland y Las Palmas;;
Día 28:;;N/A:  | N/A: ;;;Weiber;cap.;;;;;Amapolis, en 28 días, gol. amer. Cumberland, capitán Weiber, trip. 8, tons. 393: con carga general, & C. Díaz.;amer.;Cumberland;;;gol.;1888_12_11;Amapolis;;
Día 14:;;N/A: ;;;Nelson;cap.;;;;;-Filadelfla, en 14 días, gol. amer. Inis R. Cuttinghan, cap. Nelson, trip. 7, tons. 498: con carbón,;amer.;Inis R. Cuttinghan;;;gol.;1888_12_11;Filadelfla;;
Día 10:;;N/A: ;;;Hausen;cap.;;;;;Día 10: De Nueva-York, en 5 días, vap. amer. City of Atlanta, cap. Hausen, trip. 40, tons. 1,154: con car& Hidolgo Comp;amer.;City of Atlanta;;;vap.;1888_12_11;Nueva-York;;
Día 11:;;N/A: ;;;Lamson;cap.;;;;;Día 11: De Panzacola, en 5 días, gol. amer. Jennie Hall, capitán Lamson, trip. 7, tons. 391: con madera, á;amer.;Jennie Hall;;;gol.;1888_12_12;Panzacola;;
Día 4:;;N/A:  | N/A: ;;;Staples;cap.;;;;;-Nueva-Orleans y escalas, en 4 días, vap. americano Clinton, cap. Staples, trip. 32, tons. 717:;americano;Clinton;;;vap.;1888_12_12;Nueva Orleans;;
Día 11:;;;;;Haugen;cap.;;;;;Día 11: Para Sagua, vap. smer. City of Atlanta, cap. Haugen.;;City of Atlanta;;;vap.;1888_12_12;Sagua;;
;;;;;Mc Kay;cap.;;;;;Olivetta, cap. Mc Kay, trip. 46, tons. 1,104: con;;Olivetta;;;;1888_12_13;;;
Día 62:;;N/A: ;;;;cap.;;;;;-Torre-Vieja en 62 dias berg. esp. Paz caa Fin238, trip. 9, tons. 292, oargs general á la orden.;esp.;Paz caa Fin238;;;berg.;1888_12_13;Torre-Vieja;;
;;N/A: ;;;Giles;cap.;;;;;cap. Giles, trip. 9, tons. 595, con carbón á Luis;;;;;;1888_12_13;;;
Día 43:;;N/A:  | N/A: ;;;Deaken;cap.;;;;;-Nueva-York, en 43 días, vap. amer. City of Alexandría, cap. Deaken, trip. 58, tons. 1,652: con;amer.;City of Alexandría;;;vap.;1888_12_14;Nueva York;;
;;;;;Cabrera;cap.;;;;;Canarias, berg. eap. Morey, cap. Cabrera.;;eap. Morey;;;berg.;1888_12_14;Canarias;;
;;;;;Ozamiz;cap.;;;;;-Matanzas, vap. esp. Castellanoz, cap. Ozamiz.;esp.;Castellanoz;;;vap.;1888_12_14;Matanzas;;
Día 6:;;N/A:  | N/A: ;;;Curtis;cap.;;;;;D 14 -Ver cruz y escalas, en 6 días, vap amer. Saratoga, cap Curtis, trip. 64, tons. 1,692: con carga general. á Hidalgo y Comp. Filadelfia, ea 21 fas, gol amer. Maggie Caio, cap. Mevia, trip. 8, tous. 411: con carbón, á Beldat, Mon Roa y Comp.;amer.;Saratoga;;;vap.;1888_12_15;Ver cruz y escalas;;
;;;;;Mc Kay;cap.;;;;;Olivette, cap. Mc Kay, trip. 46, tons. 1,104: en;;Olivette;;;;1888_12_16;;;
Día 18:;;N/A: ;;;Somer;cap.;;;;;-Baltimore, en 18 días, gol. amer. Enna L. Cattinghan, cap. Somer, trip 7, tons. 496: con carbón,;amer.;Enna L. Cattinghan;;;gol.;1888_12_16;Baltimore;;
Día 17:;;N/A:  | N/A: ;;;Eldridge;trip.;;;;;Yarmouth, en 17 días, gol. ing. Onyx, can Eldridge, trip. 7, tons. 138: con carga, & Lewton y;ing.;Onyx;;;gol.;1888_12_18;Yarmouth;;
Día 31:;;N/A:  | N/A:  | N/A:  | N/A: ;;;Nouvelloa;cap.;;;;;-Veracruz, en 31 días, vap. frane. Lafayette, capitán Nouvelloa, trin. 154, tons. 1,774: con efectcs, & Bridat, Mont' Ros y Comp.;;frane. Lafayette;;;vap.;1888_12_18;Veracruz;;
Día 18:;;N/A:  | N/A: ;;;Baker;cap.;;;;;Día 18: De Neva-Orleans y escalas, en 5 días, vap. americano Butchinson, cap. Baker, trip. 84, toneladas;americano;Butchinson;;;vap.;1888_12_19;Neva-Orleans;;
;;N/A: ;;;Stevens;cap.;;;;;cap. Stevens, trip. 39, tons. 1,154: con carga general, á Hidalgo y Comp.;;;;;;1888_12_19;;;
Día 20:;;N/A: ;;;Carmona;cap.;;;;;Día 20 De Nueva-York en F días, vap. esp. México, capitán Carmona, trip. 64. tons. 2,112:  con carga;esp.;México;;;vap.;1888_12_21;Nueva-York;;
;;N/A: ;;;Seavey;cap.;;;;;cap. Seavey, trip. 9, tons. 357:  con madera, á la;;;;;;1888_12_21;;;
;;;;;Me Kay;cap.;;;;;Olivette, cap. Me Kay, trip. 46, tons. 1,104: con;;Olivette;;;;1888_12_23;;;
Día 4:;;N/A:  | N/A: ;;;Reynolds;cap.;;;;;-Nueva-York en 4 días, vap. amer. City of Washington, cap. Reynolds, trip. 58, tons. 1,650: con;amer.;City of Washington;;;vap.;1888_12_23;Nueva York;;
;;;;;Sensine;cap.;;;;;diss, vap. franc. Chateau Margaux, cap. Sensine,;franc.;Chateau Margaux;;;vap.;1888_12_23;;;
Día 6:;;N/A:  | N/A:  | N/A: ;;;Stevens;cap.;;;;;-Matanzas, en 6 horas. vap. amer. Manhattan, capitán Stevens, trip. 26, tons. 1,154: con carga;amer.;Manhattan;;;vap.;1888_12_23;Matanzas;;
;;N/A: ;;;Arribalzaga;cap.;;;;;cap. Arribalzaga, trip. 85, tons. 1,515: con carga;;;;;;1888_12_25;;;
Día 16:;;N/A:  | N/A:  | N/A: ;;;Barteaux;cap.;;;;;-Cornwallis (N. E.), en 16 días, gol. ing. Resolution, cap. Barteaux, trip. 7, tons. 144: con carga;ing.;Resolution;;;gol.;1888_12_25;Cornwallis (N. E.);;
Día 24:;;N/A:  | N/A: ;;;Staples;cap.;;;;;Día 24: De Nueva-Orleans y escalas, en 5 días, vap. americano Clinton, cap. Staples, trip. 32, tons. 717:;americano;Clinton;;;vap.;1888_12_25;Nueva-Orleans;;
Día 4:;;N/A:  | N/A: ;;;Mc Intosh;cap.;;;;;Nueva-York, en 4 dias, vap. am. City of Columbia, cap. Mc Intosh, trip. 42, tons. 1,285: con;am.;City of Columbia;;;vap.;1888_12_25;Nueva-York;;
