arrival_date;arrival_date_calc;cargo_list;master_name;master_role;publication_day;raw_text;ship_flag;ship_name;ship_type;source_file;travel_departure_port
Día 2:;;N/A: ;Ansuategui;cap.;;Día 2: Caibarién vapor Alava. cap. Ansuategui, con 480;;Alava;vapor;1895_01_03;Caibarién
;;;Benejan;pat.;;-Santa María, gol. Margarita, pat. Benejan, con;;Margarita;gol.;1895_01_03;
;;N/A: ;Román;pat;;-rroyos, gol. Lince, pat Román, con 500 sacos;;Lince;gol.;1895_01_03;rroyos
;;N/A:  | N/A: ;Alemany;pat.;;-Cárdenas, gol. Clio, pat. Alemany, con 56 bocayes aguardiente y efectos.;;Clio;gol.;1895_01_03;Cárdenas
;;N/A:  | N/A: ;Menaza;pat.;;-Pta. Alegre, gol. Almansa, pat. Menaza, 120 cedros y 400 paquetes tablillas.;;Almansa;gol.;1895_01_03;Pta. Alegre
;;N/A: ;Mas;pat.;;Nnevitas, gol. Tíuima, pat. Mas, con 400 reses y;;Tíuima;gol.;1895_01_03;Nnevitas
;;;Padron;pat.;;Congojas, gol. Joven Luisa, pat. Padron, con;;Joven Luisa;gol.;1895_01_03;Congojas
;;;Gomí;pat.;;-Mariel, gol. Joven Miguel. pat. Gomí, en lastre.;;Joven Miguel;gol.;1895_01_03;
;;N/A:  | N/A: ;Venturs;pat.;;STR Nuevitas gol. Manuela, pat. Venturs. 130 reses y efectos.;;Manuela;gol.;1895_01_05;Nuevitas
;;N/A: ;Padrón;pat.;;-Santa María gol. América, pat. Padrón 800 sacos;;América;gol.;1895_01_05;
;;N/A: ;Lorenzo;pat.;;-Congojas, gol. Rosita, pat. Lorenzo, 80 sacos;;Rosita;gol.;1895_01_05;Congojas
;;N/A:  | N/A:  | N/A:  | N/A: ;Moll;pat.;;-Nuevitas, gol. 16lores, pat. Moll, 1000 pies madera, 300 atravesaños, 55 sacos maiz y efectos.;;16lores;gol.;1895_01_05;Nuevitas
;;N/A: ;Villalonga;pat.;;-Berracos, gol. Isabelita, pat. Villalonga, 1000;;Isabelita;gol.;1895_01_05;
;;N/A: ;Sastro;pat.;;-Mariel, gol. Altagracia, pat. Sastro, 80 cuarterolas miel.;;Altagracia;gol.;1895_01_05;
;;;Inclán;pat.;;-Cabañas, gol. Rosita, pat. Inclán en lastre.;;Rosita;gol.;1895_01_06;Cabañas
;;N/A:  | N/A: ;Prieto;pat.;;Júcaro, gol. Blanca, pat. Prieto, 55,000 pies madera y 30 líos serones.;;Blanca;gol.;1895_01_06;Júcaro
;;N/A: ;Alemany;pat.;;-Berracos, gol. Delicias, pat. Alemany, 500 polines.;;Delicias;gol.;1895_01_06;Berracos
;;;Rigo;pat.;;Cabañas, gol. Condor, pat. Rigo, en lastre.;;Condor;gol.;1895_01_06;Cabañas
;;;Valent;pat.;;-Cárdenas, gol. María del Carmen, pat. Valent,;;María del Carmen;gol.;1895_01_06;Cárdenas
;;N/A: ;Alemany;pat.;;Sagua, gol. Panchita, pat. Alemany, 50 sacos de 6 Pal.;;Panchita;gol.;1895_01_06;Sagua
;;N/A:  | N/A:  | N/A:  | N/A: ;Viñela;cap.;;-Cnba, vapor Mortera, cap. Viñela, con 3874 Bcos azúcar, 163 bocoyes miel, 330 reses y efectos.;;Mortera;vapor;1895_01_09;Cnba
;;N/A: ;Santana;pat.;;-Arroyos gol. Joven Jaime, pat. Santana, 1000;;Joven Jaime;gol.;1895_01_09;Arroyos
;;N/A:  | N/A: ;Colomar;pat.;;-Ortigosa, gol. Doloritas, pat. Colomar, 300 caballos leña y efactos.;;Doloritas;gol.;1895_01_09;Ortigosa
;;N/A:  | N/A: ;Toro;pat.;;-San Cayetano, gol. Deseada, pat. Toro, 300 caballos leña y efectos.;;Deseada;gol.;1895_01_09;San Cayetano
;;N/A: ;Amengual;pat.;;-Bajas, gol. Carmita, pat. Amengual, 700 sacos;;Carmita;gol.;1895_01_11;Bajas
;;N/A: ;Zaragoza;pat.;;-Bajas, gol. Angalita, pat. Zaragoza, 400 sacos;;Angalita;gol.;1895_01_11;
;;N/A:  | N/A: ;Cardona;pat.;;-Guanes, gol. Especulación, pat. Cardona 400 sacos carbón y 50 caballos leña.;;Especulación;gol.;1895_01_11;Guanes
;;N/A:  | N/A:  | N/A:  | N/A:  | N/A: ;Bernaza;pat.;;-Puerto Padre, gol. Tres Hermanas, pat. Bernaza. 400 paquetes tablillas, 48 piezas cedro y caoba, 500 camones y efectos.;;Tres Hermanas;gol.;1895_01_11;Puerto Padre
;;N/A: ;Ros;pat.;;-Dimas, gol. Dos Amigos, pat. Ros, 800 sacos;;Dos Amigos;gol.;1895_01_11;
;;N/A: ;Portella;pat.;;-Arroyos, gol. Amable Rosita, pat. Portella, 800;;Amable Rosita;gol.;1895_01_11;Arroyos
;;N/A: ;Mandilego;pat.;;Cárdenas, gol. Unión, pat. Mandilego, 80 pipas;;Unión;gol.;1895_01_11;Cárdenas
;;;Alemany;pat.;;-Barracos, gol. María del Carmen, pat. Alemany,;;María del Carmen;gol.;1895_01_22;Barracos
;;N/A: ;Gil;pat.;;Banes, gol. Nautilus. pat. Gil, 200 sacos azúcar.;;Nautilus;gol.;1895_01_22;Banes
;;N/A: ;Gil;pat.;;-Banes, gol. 2 Isabeles, pat. Gil, 40 bocoyes miel.;;2 Isabeles;gol.;1895_01_22;Banes
Día 22:;;N/A: ;García;cap.;;Día 22: -Cuba vap. Avilés, cap. García, 2,000 sacos azúcar y efectos. -Nuevitas, gol. San Juan pal. Ginesta, E50 sacos azúcar y efectos -Dominica, gol María Magdalena, pat. Maran tes, 470 saccs azúcar. -Santa María, gol. Triaidad, pat. San'ana, 900 sacos carbón y 30 caballos leña. Punta de San Juan, gul San Francisco, patrón Ferrer. -Sagua, gol. José Riera, pat. Tur, 800 s. carbón. Cárdenas, gol. Reglana, pat. Alemañy, 500 sacoa carbón.;;Avilés;vap.;1895_01_23;Cuba
Día 26:;;N/A:  | N/A:  | N/A:  | N/A:  | N/A:  | N/A:  | N/A:  | N/A:  | N/A:  | N/A:  | N/A:  | N/A: ;García;cap.;;Dia 26: -Sagua, vap. Cosme Herrera, cap. García, 926 sacos azúcar, 95 pipas aguardiente, 617 tercios tabaco y efectos. Mariel, gol. María Magdalena, pat. Marantes, 60 bocoyes miel. -Corgejas, gol. Rosita, pat. Lorenzo, 800 sacos carbón. -Arroyos gol. Dos Hermanos, pat. Prats, 900 82cos carbón. San a María, gol. Joven Jaime, pat. Santana, 1000 sacos carbón. Mantus. gol. Lince, pat Román 700 s. carbón. -Congo a, gol. Joven Luisa, pat. Padrón, 1,000 sacos carbón. -Banes, gol. Mautilus, pat. Gil, 300 e. azúcar. -Sierra Morena, gol. Matilde, pat. Alemany, 6CO sacos azúcar. -Mariel, gol Altagracia, pat. Saatre, 120 cuarterolas miel.;;Cosme Herrera;vap.;1895_01_27;Sagua
Día 28:;;N/A: ;Ros;pat.;;Día 28. об -Dimas gol. Dos Amigos, pat. Ros, 800 s. carbón. -Congojas, gol. Rosita, pat. Lorenzo, 800 saces carbón. -Baracoa, gol. Fortuna, pat. Mayans, 50,000 cocos, 237 cajas petróleo, 54 sacos cacao, 115 barriles aceite coco z efectos. Sierra Morena,, gol. Habanero, pat. Monaya, 400 sacos azúcar. -Nuevitas, gol. Tínima, pat. Mas, 400 reses y efectos.;;Dimas;gol.;1895_01_29;
null;;N/A:  | N/A:  | N/A:  | N/A:  | N/A:  | N/A:  | N/A:  | N/A:  | N/A:  | N/A:  | N/A:  | N/A:  | N/A: ;Viñolas;cap.;null;20 -Nuevitas vapor Morters cap. Viñolas 4679 sacos >zúcar. Nuevitas vapor Avilés, cap. Sanjurjo, 2,000 sacos azúcar, 175 bocoyes miel y efectos. -Cahsños, gul. Condor pst. Rego 500 a. azúcar -Bajas, gal Esmeralda, pat. Mateu, 80 sacos carbón y 100 caballos leña -Babañas gol. Trafalgar pat. Deulofeu 36 pipast aguardiente. -Surra Morera gol. Maria Teresa pat. Juan 750 sacos azúcar. -Carahatas gol Tres Hermanos pat. Ricbo, 1000 sacos azúcar y 87 tercios tahaco -Banes. gol. Nautilus pat. Gil, 500 s. azúcar. -Mulata gol. Paquete de Nuevitas, pat. Orbay 20 yayas, 60 palos madera y ef ctcs -Malas Aguas, vap. Triton cap. Real 400 sacos azúcar y efectos.;null;Morters;vapor;1895_01_31;Nuevitas
;;;Blanco;pat.;;Domin'co, gol. Joven Magdalena, pat. Blanco,;;Joven Magdalena;gol.;1895_02_02;
;;N/A: ;Ruiz;pat.;;Bahía Honda, gol. Mercedita, pat. Ruiz 400 sacos azúcar;;Mercedita;gol.;1895_02_02;Bahía Honda
;;N/A: ;Portella;pat.;;-Arroyos gol. Amable Rosita, pat. Portella, 800;;Amable Rosita;gol.;1895_02_02;Arroyos
Día 4:;;N/A:  | N/A:  | N/A:  | N/A:  | N/A:  | N/A:  | N/A:  | N/A:  | N/A:  | N/A:  | N/A:  | N/A:  | N/A: ;Vera;pat.;;Día 4: -Nuevitas, gol. San Fernando pat. Vera 463 reses y efectos. -Sagua, vap. Cosme Herrera, cap. Viñolas, 1646 sacos azúcar, 188 pipas, 300 tercios tabaco y efecto. -Cárdenas, gol. Unión, pat. Mandilego, 150 pieas caoba y 50 pipas aguardiente -Matanzas, gol. Amalia pat. Cay uso, 300 sacos azucar y efectos. Manatí, gol. Mallorca, pat. Enseñat, 630 piezas madera. -Santa Cruz, gol. Joven Mannel pat. Barrera, patrón Barrera, 90 sacos y 117 fanegas maiz. -Sierra Morens, gol. Pirineo, pat. Pellicer, 1,400 sacos azúcar. Cabañas, gol. Joven Pilar, pat. Freixas, 672 sacos azúcar. Cárdenas, gol. Reglana, pat. Alemany, 500 SEoos azúcar.;;San Fernando;gol.;1895_02_05;Nuevitas
;;N/A: ;Planell;pat.;;-Gaanes, gol. Praviana, pat. Planell, 126 tercios;;Praviana;gol.;1895_02_08;
;;;Esterellas;pat.;;Gibara, gol. Expreso de Gibara, pat. Esterellas,;;Expreso de Gibara;gol.;1895_02_08;Gibara
;;N/A: ;Alemany;pat.;;-Sierra Morena, gol. Matilde, pat. Alemany, 700;;Matilde;gol.;1895_02_08;Sierra Morena
;;N/A: ;Menaga;pat.;;-Punta Larga, gol. Almansa, pat. Menaga, 1C0;;Almansa;gol.;1895_02_08;Punta Larga
;;N/A: ;Inclán;pat.;;-Cabañas. gol. Rosita, pat. Inclán, 35 cuarterolas;;Rosita;gol.;1895_02_08;Cabañas
;;N/A: ;Cantero;pat.;;Cárdenas, gol. Aguila de Oro, pat. Cantero, 743;;Aguila de Oro;gol.;1895_02_08;Cárdenas
;;N/A: ;Enseñat;pat.;;-Si.rra Morena, gol. Sofia, pat. Enseñat, 261 88cos azúcar.;;Sofia;gol.;1895_02_08;Si.rra Morena
;;N/A: ;Boseh;pat.;;-Sagua, gol. Antonia, pat. Boseh, 1000 sacos carbón.;;Antonia;gol.;1895_02_08;Sagua
;;N/A: ;Bosch;pat.;;-Dominica, gol. Dominica, pat. Bosch, 300 sacos;;Dominica;gol.;1895_02_08;Dominica
;;N/A: ;Gil;pat.;;-Banes, gol. Nautilus, pat. Gil 300 sacos azúcar.;;Nautilus;gol.;1895_02_08;Banes
;;N/A: ;Gil;pat.;;-Banes, gol. Dos Isabeles, pat. Gil, F00 sacos &zúcar.;;Dos Isabeles;gol.;1895_02_08;Banes
;;N/A:  | N/A: ;Sastre;pat.;;Mariel, gol. Altagracia, pat. Sastre, 20 cuarterolas miel y 400 sacos azúcar.;;Altagracia;gol.;1895_02_08;
null;;N/A:  | N/A: ;Ansuategui;pat.;null;116 11 -Caibarión, vap. Alava pat. Ansuategui, 1925 tercios tabaco y factos. -Sagua, vap Adela, cap. Avaron, 1982 sacos azú car, 800 tercios tabaco. -Nuevítas, gol. San Juan, pat. Pereira, 200 reses 108 sacos azújar y efectos. -Cabañas, gol. Condor, pat. Rigó, 690 8. azúcar -Cabañas, gel Rosita, pat. Juan, 117 s. azúcar. -Cabañas, gol. Caballo Marino, pat. Juclán 800 Bacos azúcar. -Cengojas gol. San Francisco pat Ferrer, 850 sacos carbón (árdenas, gol. Jalia, pat, Alemany, 40 becoyes bocoyes aguardiente y efectos. Matanzas, gol. Amelia, pat. Cayuso, 140 hocoys aguardiente. -Mariel, gol. Joven Miguel, pat. Gomela.;;Alava;vap.;1895_02_12;Caibarión
Día 12:;null;N/A:  | N/A:  | N/A:  | N/A:  | N/A:  | N/A:  | N/A:  | N/A:  | N/A:  | N/A:  | N/A: ;Sanjurjo;cap.;null;Día 12 - Puerto Padre, vap. Avilés, cap. Sanjurjo, 150 reses, 130 bocoyes miel, 1,500 sacos azúcar. Arroyos, gel, Isabel II, pat. Ferrer, 60 sacos carbón. -Bajas, gol Carmita, pat. Amengual, 800 sacos carbón. -Dimas, gol. Mercedita, pat. Mayans, 1000 tacos carbón. -Morrillo, gol. Feliz, pat. González, 118 sacos azúcar, 310 tendidos msjagua y efectos. Berracos, gol. María del Grmen, pat. Alemañу, 100 vaas madera, 4,000 pies idem cerradas. ce -Nuevitas, gol. Tínima, pat. Mas, 400 reses.b;;Avilés;vap.;1895_02_13;Puerto Padre
Día 12:;;N/A:  | N/A:  | N/A: ;Real;cap.;;Día 12: -Malas Aguas vap. Tritón, cap Real, 589 sacos azúcar y efectos. Santa María, gol. Trinidad, pat. Santana, 900 saeos carbón. -Margarita, gol. Gallego, pat. Montell, 800 sacos;;Tritón;vap.;1895_02_15;Malas Aguas
;;N/A: ;Enseñat;pat.;;saco azúcar. -Sierra Morena, gol. Emilia, pat. Enseñat, 500;;Emilia;gol.;1895_02_15;Sierra Morena
;;N/A: ;Vives;pat.;;sacos azúcar. -Matanzas, gol. Hermosa Gaanera, pat. Vives, ent;;Hermosa Gaanera;gol.;1895_02_15;Matanzas
;;N/A: ;Feorrer;pat.;;Cárdenas, gol. Purísima Concepción, pat. Feorrer, 2,000 sacos azúcar.;;Purísima Concepción;gol.;1895_02_17;Cárdenas
;;N/A: ;Percel;pat.;;-Jaruco, gol. Paquete de Jaruco, pat. Percel 200;;Paquete de Jaruco;gol.;1895_02_17;Jaruco
;;N/A: ;Vázquez;pat.;;-Nuevitas, gol. Emilia, pat. Vázquez, 250 FRCO3;;Emilia;gol.;1895_02_17;Nuevitas
Día 19:;null;N/A:  | N/A:  | N/A: ;Viñolas;cap.;null;Dia 19: -Nuevitas, vap. Ccsme Herrera, cap. Viñolas 2.666 sacos azúcar, 147 reses y efectos. -Caibarién, vap. Alava pat. Ansuategai, 1000 ascos azúcar, 425 tercias tabaco y efectos. Puerto Padre, vap. Avilés, cap. Sarjurjo, 105 reses, 150 bocoyes miel, 1.600 sacos azúcar. -Rio de la Palma, gol Herminia, pat. Ferrer, 480 sacos azúcar. -Matanzas, gol. María, pat. Cayuso, 500 sacos & zúcar. -Cabañas, gol. Caballo Marino, pta. Inclán 509 sacos azúcar. -Banes, gol. Nautilus, pat. Gil 300 sacos azúcar. Carahatas, gol. Tres Hermanas, pat. Riobo 1000 sacos azúcar. -Cárdenas, gol. 2ª Cantinera, pat. Calatayud 150 bocoyes aguardiente y efectos.;;Ccsme;vap.;1895_02_20;Nuevitas
;;N/A:  | N/A: ;Rigó;pat.;;azúcar, 200 tercios tabaco y efectos. -Cabañas, gol. Condor, pat. Rigó, 740 a. azúcar -Dominica, gol. María Magdalena, pat. Marantes;;Condor;gol.;1895_02_23;Cabañas
;;N/A: ;Cabaleiro;pat.;;40 sacos carbón. -Corgojas, gol. María Andrea, pat. Cabaleiro,;;María Andrea;gol.;1895_02_23;Corgojas
;;N/A:  | N/A: ;Santena;pat.;;30 caballos y efectos. -Santa María, gol. Joven Jaime, pat. Santena,;;Joven Jaime;gol.;1895_02_23;Santa María
;;;García;pat.;;Jaruco, gol. Paquete de Gamacha, pat. García,;;Paquete de Gamacha;gol.;1895_02_23;Jaruco
;;N/A:  | N/A: ;Avaroa;cap.;;safran and -Ssgua, vap. Adela, cap. Avaroa, 1292 sacos arú. car, 90 tercios tabaco. Ar oros, gol. 2 Hermaras, pat. Prats, 900 sacos;;Adela;vap.;1895_02_24;
;;N/A: ;Tortell;pat.;;arbón. -Cabañas, gol. Victoria, pat. Tortell, 800 sacos azúcar. -Cárdenas, gol. Juan Toraya, pat. Valent, 8,000 pies madera y efectos. -Cabañas, gol, Rosita, pat. Juan, 700 s. azúcar. -Jaruco, gol. Amado Antonio, pat. Thomae, 70 sacos papas, 20 sacos frijoles y efectos.;;Victoria;gol.;1895_02_24;Cabañas
;;N/A: ;Juan;pat.;;-Cabañas, gol. Rosita, pat. Juan, 136 s. azúcar.;;Rosita;gol.;1895_02_27;Cabañas
;;N/A: ;Castella;pat.;;Gibara. gol. Gibara, pat. Castella, 375 sacos;;Gibara;gol.;1895_02_27;Gibara
;;N/A:  | N/A:  | N/A: ;Padrón;pat.;;varas mideras y efectos. -Congojas, gol. Joven Victoria, pat. Padrón,;;Joven Victoria;gol.;1895_02_27;
;;N/A: ;Gil;pat.;;-Banes, gol. Nautilus, pat. Gil, 300 sacos azúcar.;;Nautilus;gol.;1895_02_27;Banes
;;N/A: ;Git;pat.;;-Banes, gol. Dos Isabeles, pat. Git, 500 sacos azúcar.;;Dos Isabeles;gol.;1895_02_27;Banes
;;;Valent;pat.;;-Cárdenas, gol. María del Carmen, pat. Valent,;;María del Carmen;gol.;1895_02_27;Cárdenas
;;N/A: ;Fonrodona;pat.;;-Sirra Morena, gol. Tres Hermanas, pat. Fonrodona, 400 sacos azúcar.;;Tres Hermanas;gol.;1895_02_27;
;;N/A:  | N/A:  | N/A:  | N/A: ;Cayuso;pat.;;reses, 150 boceyes miel, 1,750 Facos azúcar. -Matanzas, gol. Amelia, pat. Cayuso, 40 bocoyes aguardiente. -Cárdenas, gol. Regiana, pat. Ferrer, 50 sacos;;Amelia;gol.;1895_02_28;Matanzas
;;N/A: ;Farrer;pat.;;Alemany, 2,000 sacos carbón. -Pta. de San Juan. gol. Aguila, pat. Farrer, 1,000;;Aguila;gol.;1895_02_28;Pta. de San Juan
Día 28:;28-10-2023;N/A:  | N/A:  | N/A:  | N/A:  | N/A:  | N/A:  | N/A: ;Real;cap.;28-10-2023;Dis 28: -Malas Aguas, vap. Triton, cap. Real, 200 sacos azúcar y efectos. -Nnevítas, vap. San Juan, apc. Ginesta, 200 reses. 1650 sacos azúcar y efectos. -Guanes, gol. Praviana, pat. Planell, 90 tercios tabaco y efectos. -Cabañas, gol. Caballo Marino, pta. Inclán 850 Bacos azúcar. -Mariel, gol. Altagracia, pat. Sastre, 530 socos azúcar. -Cabañas, gol. Condor. pat. Rigó, 740 s. azúcar. -Morrillo. gel. Joven Marcelino, pat. Espino 550;;Triton;vap.;1895_03_01;Malas Aguas
;;N/A: ;García;pat.;;HACOS azúcar. -Gibacoa, gol. 1 de Vinaroz, pat. García, en;;1 de Vinaroz;gol.;1895_03_01;Gibacoa
;;N/A: ;Freixas;pat.;;lastre. -Cabañas. gol. Jovan Pilar, pat. Freixas, 1070;;Jovan Pilar;gol.;1895_03_01;Cabañas
Día 5:;;N/A:  | N/A:  | N/A:  | N/A:  | N/A:  | N/A:  | N/A:  | N/A:  | N/A:  | N/A:  | N/A: ;;;;Día 5: -Sagua, vap. Adela, cap. Sanson, 600 sacos azú car, 90 tercios tabaco. -Caibarién, vap. Alava pat. Ansuategui, 592 tercios tabaco, 1575 sacos azúcar y efectos. Cárdenas, gol. Purísima Concepción, pat. F'errer, 2,000 sacos azúcar. -Cabañas, gol. Caballo Marino, pta. Inclán 700 Bacos azúcar. -Ortigosa, gol. Dolorita, pat. Colomar, 440 sacos azúcar. -Cárdenas, gol. Unión, pat. Mandilago, 60 pip as aguardiente y efectos. -Granadillo, gol. Ignacio Alemán, pat. Mir, 24,000 pies madera y efectos. -Cienfuegos, gol. Tínima, pat. Mas, 269 garrafones vacíos y 12 c. vermout.;;;;1895_03_06;
;;N/A: ;Planell;pat.;;azúcar y efectos. -Gaanes, gol. Praviana, pat. Planell, 93 tercios;;Praviana;gol.;1895_03_08;
;;N/A: ;Rigó;pat.;;Cabañas, gol. Condor, pat. Rigó, 410 s. azúar. -Cabañaa, gol Rosita, pat. Juan, 240 s. azúcar. -Banes, gol. Nautilus, pat. Gil, 300 sacos azúcar. -Morrillo, gol. Joven Marcelino, pat. Espino, 40;;Condor;gol.;1895_03_08;
;;N/A: ;Cayuso;pat.;;260 a azúcar. -Matanzas, gol. María, pat. Cayuso, 1000 aacos azúcar. -Cabañas gol. Joven Pilar, pat Freixas, 700;;María;gol.;1895_03_08;Matanzas
;;N/A: ;Saatre;pat.;;Bacos azúcar. -Mariel, gol. Altagracia, pat. Saatre, 590 aocos a2úcar.;;Altagracia;gol.;1895_03_08;Mariel
;;N/A: ;Gil;pat.;;zúcar. -Banes, gol. Dos Isabeles, pat. Gil, 500 sacos azúcar. -Barracos, g 1. María del Garmen, pat. Alemany,;;Dos Isabeles;gol.;1895_03_10;Banes
;;N/A:  | N/A:  | N/A:  | N/A:  | N/A: ;Thomas;pat.;;50 varas madera, 300 yayas. 166 -Jaruco, gol. Amado Antonio, pat. Thomas, 150 150 s. azúcar. -Dimas, gol. Hermosa Gaanera, pat. Vives, 200 8. Pzúcar. Cárdenas, gol. Aguila de Oro, pat. Cantero, 915;;Amado Antonio;gol.;1895_03_10;
;;N/A: ;Freixas;pat.;;sacos azúcar y ef ctos. -Cabañas gol. Joven Pilar, pat. Freixas, 800;;Joven Pilar;gol.;1895_03_10;Cabañas
Día 11:;;N/A:  | N/A:  | N/A:  | N/A:  | N/A:  | N/A: ;;;;Dia 11: -Cabañas, gol. Caballo Marino, pta. Inclán 900 Bacos azúcar. odor -Sagua, vap Adela, cap. Sanjurjo, 1000 sacos aúcar. -Banes, gol. Dos Isabeles, pat. Gil, 500 sacos azúcar. Morrillo, gol. Feliz, pat. González, 500 sacos 3zúcar, -Margarita gol. Gallego, pat. Montell, 750 sacos carbón. Si rea Marens, gol. Tres Hermanas, pat. Fonrodona, 400 ascos azúcar.;;;;1895_03_12;
;;N/A: ;Mas;pat.;;-Nuevitas, gol. Tínima, pat. Mas, 400 reses.;;Tínima;gol.;1895_03_13;Nuevitas
;;N/A: ;Vera;pat.;;-Nuevitas, gol. San Fernando, pat. Vera400 reses;;San Fernando;gol.;1895_03_13;Nuevitas
;;N/A: ;Espino;pat.;;-Morrillo. gol. Joven Marcelino, pat. Espino, 380;esp.;Joven Marcelino;gol.;1895_03_13;Morrillo
;;N/A: ;Juan;pat.;;-Cabañas, gol. Rosita, pat. Juan, 800 s. azúcar. -Mariel, gol. Altagracia, pat. Sastre, 530 socos azúcar.;;Rosita;gol.;1895_03_13;Cabañas
;;N/A:  | N/A: ;Ruiz;pat.;;-Bahía Honda, gol. Mercedita, pat. Ruiz. 420 83COB azúcar -Sagua, gol. Antonia, pat. Boseh, 1000 gacos cara bốn.;;Mercedita;gol.;1895_03_13;Bahía Honda
;;N/A: ;Ferrer;pat.;;-Arroyos, gol. Buaventura, pat. Ferrer con 600;;Buaventura;gol.;1895_03_14;Arroyos
;;N/A: ;Velderas;pat.;;-Arroyos, gol. Mercadita, pat. Velderas: con T100;;Mercadita;gol.;1895_03_14;Arroyos
;;N/A: ;Santana;pat.;;-Santa María, gol. Trinidad, pat. Santana, 700;;Trinidad;gol.;1895_03_14;Santa María
;;N/A: ;Ferrer;pat.;;saeos carbón. - Cárdenas, gol. Purfsima Concepción, pat. Ferrer, 2,000 sacos azúcar.;;Purfsima Concepción;gol.;1895_03_14;Cárdenas
;;N/A:  | N/A:  | N/A:  | N/A:  | N/A: ;Thomas;pat.;;Dis 10: -Jaruco, gol. Amado Antonio, pat. Thomas, 95 8. azúcar. -Morrillo, gol. Feliz, pat. González, 340 sacos zúcar. -Cabañas, gol. Caballo Marino, pta. Inclán 800 sacos azúcar. Jaruco, gol. Paquete de Jaruco, pat. Percel 160 q. cebollas, Cergojas, go'. María Andrea, pat. Cabaleiro. 800 sacos carbón;;Amado Antonio;gol.;1895_03_16;Jaruco
;;N/A: ;Tortell;pat.;;"T 16 Cabañas, gol. Victoria, pat. Tortell, 780 sacos azúcar. -Dominica, gta Dominica, pat. Bosch, 300 racos zúcar. -Matanzas, gol. María, pat. Cayuso, 1C00 sacos azúcar. Gibacoa, gol. 1"" de Vinaroz, pat. García, 100 8. azúcar.";;Victoria;gol.;1895_03_17;
Día 18:;;N/A:  | N/A:  | N/A:  | N/A:  | N/A:  | N/A:  | N/A:  | N/A: ;Juan;pat.;;Día 18: -Cabañas, gol. Rosita, pat. Juan, 1125 s. azúcar -Morrillo, gol. Joven Marcelino, pat. Espino, 550 BACOS azúcar. -Morrillo, gol. Feliz, pat. González, 540 sacos azúcar, -Nuevitas, gol. Emilia, pat. Vázquez, 300 sacos acúcar, y efectos. -Banes, gol. Nautilus, pat. Gil, 300 sacos azúcar. 260 s. azúcar. -Mariel, gol. Joven Gestrudis. pat. Palmer. 820 BACOB azúcar. -Cárdenas, gol. María del Carmen, pat. Valent, 1000 sacos azúcar. Santa Cruz, gol. Joven Manuel, par. Barrera.;;Rosita;gol.;1895_03_19;
;;N/A:  | N/A:  | N/A:  | N/A:  | N/A: ;;;;1608. azúcar. -Mariel, gol. Altagracia, pat. Sastre, 530 socos aκάσει. Carahatas, gol. Tres Hermanas, pat. Riobo 1000 sacos azúcar. -Sagua, vap. Adela, cap. Sanjurjo, 750 sacos &úcar. -Arroyos, gol. Buaventura, pat. Ferrer con 7000 ledrilios y efectos.;;;;1895_03_19;
;;N/A: ;Jaan;pat.;;-Cabañas. gol. Rosita, pat. Jaan, 18) 8. azúcar.;;Rosita;gol.;1895_03_21;Cabañas
;;N/A: ;Enseñat;pat.;;-Sierra Morena, gol. Emilia, pat. Enseñat, 800;;Emilia;gol.;1895_03_21;Sierra Morena
;;N/A: ;Gil;pat.;;-Banes, gol. Dos Isabeles, pat. Gil, 550 sacos &zúcar.;;Dos Isabeles;gol.;1895_03_21;Banes
;;N/A: ;Gil;pat.;;Banes, gol. Nautilus, pat. Gil, 300 sacos azúcar.;;Nautilus;gol.;1895_03_21;Banes
;;N/A: ;Thomas;pat.;;Jaruco, gol. Amado Antonio, pat. Thomas, 95 RS18 azúcar.;;Amado Antonio;gol.;1895_03_21;Jaruco
;;N/A: ;Percel;pat.;;Jaruco, gol. Paquete de Jaruco, pat. Percel 200;;Paquete de Jaruco;gol.;1895_03_21;Jaruco
;;;Ferrer;pat.;;árdenas, gol. Purísima Concepción, pat. Ferrer.;;Purísima Concepción;gol.;1895_03_21;árdenas
;;N/A: ;Palmer;pat.;;Mariel, gol. Joven Gestrudis. pat. Palmer. 800 lo sacos azúcar.;;Joven Gestrudis;gol.;1895_03_21;
;;N/A: ;Rigó;pat.;;Cabañas, gol. Condor, pat. Rigó 600 s. azúcar.;;Condor;gol.;1895_03_21;Cabañas
Día 21:;;N/A:  | N/A:  | N/A:  | N/A:  | N/A:  | N/A:  | N/A: ;;;;Día 21: -Malas Aguas, vap. Triton, cap. Real, 250 tercios tabco y efectos. -Bahía Honda, gol. Mercedita, pat. Ruiz. 500 sacos azúcar E -Dominica, gta. Dominica, pat. Bosch, 300 zacos zúcar. -Nuevitas, gol. Tínima, pat. Mas, 450 reses. -Baracoa, gol. Fortuna, pat. Mayans. 300 s. azúcar o ensispage Blouse O -Cabañas, gol Rosita, pat. Juan, 800 s. azúcar. -Morrillo. gol. Joven Marcelino, pat. Espino, 550 B&COS azúcar. -Nuevitas, gol. San Fernando, pat. Vera 400 reses;;;;1895_03_23;
;;N/A: ;Palmer;pat.;;-Mariel, gol. Joven Gestrudis. pat. Palmer. 800;;Joven Gestrudis;gol.;1895_03_24;
;;;Calatayud;pat.;;Cárdenas, gol. 28 Cantinera, pat. Calatayud 185;;28 Cantinera;gol.;1895_03_24;Cárdenas
;;N/A:  | N/A: ;Sastre;pat.;;-Mariel, gol. Altagracia, pat. Sastre, 530 socos &101zúcar.;;Altagracia;gol.;1895_03_24;
;;N/A: ;Rigó;pat.;;-Cabañas, gol. Condor, pat. Rigó 725 a. azúcar.;;Condor;gol.;1895_03_27;Cabañas
;;N/A: ;Freixas;pat.;;-Cabañas. gol. Joven Pilar, pat. Freixas, 700;;Joven Pilar;gol.;1895_03_27;Cabañas
;;N/A: ;González;pat.;;-Morrillo, gol. Feliz, pat. González, 300 sacos 801;;Feliz;gol.;1895_03_27;Morrillo
;;N/A: ;Colomar;pat.;;Ortigosa, gol. Dolorita, pat. Colomar, 400 sacos e azúcar, og lab ad;;Dolorita;gol.;1895_03_27;Ortigosa
;;N/A: ;Sastre;pat.;;-Mariel, gol. Altagracia, pat. Sastre, 530 socos azúcar. 000;;Altagracia;gol.;1895_03_27;
;;N/A: ;Pereira;pat.;;Carahatas, gol. Teresita, pat. Pereira 180 s. azúcar.;;Teresita;gol.;1895_03_27;Carahatas
;;N/A: ;Enseñat;pat.;;-Sierra Morena, gol. Emilia, pat. Enseñat, 800;;Emilia;gol.;1895_03_27;Sierra Morena
;;N/A:  | N/A: ;Planell;pat.;;Gaanes, gol. Praviana, pat. Planell, 123 tercios el tabaco y efectos.;;Praviana;gol.;1895_03_28;
;;N/A: ;Gil;pat.;;Bares, gol. Nautilus, pat. Gil, 300 sacos azúcar.;;Nautilus;gol.;1895_03_28;Bares
;;N/A: ;Palmer;pat.;;Mariel, gol. Joven Gestrudis. pat. Palmer. 800;;Joven Gestrudis;gol.;1895_03_28;
Día 28:;;N/A:  | N/A: ;Amengual;pat.;;Día 28: 76 -Bajas, gol. Carmita, pat. Amengual, 330 yayas -Malas Aguas, vap. Triton, cap. Real, 203 tercios;;Carmita;gol.;1895_03_30;Bajas
;;N/A:  | N/A:  | N/A: ;Viñolas;cap.;;tabco y efectos. -Nuevitas, vapor Mortera, capitán Viñolas, 4,280 sacos azúcar, 800 reses y efectos. S -Mariel, gol. Joven Gestrudis. pat. Palmer. 700 sacoв azúcar. -Santa Cruz, gol. Joven Manuel, par. Barrera.;;Mortera;vapor;1895_03_30;Nuevitas
;;N/A:  | N/A:  | N/A:  | N/A:  | N/A:  | N/A:  | N/A:  | N/A:  | N/A:  | N/A:  | N/A: ;;;;150 s. azúcar. -Cárdenas, gol. María del Carmen, pat. Valent, 1000 sacoз azúcar. Punta Alegre, gta. Rito Fortuna, pat. Mayans, 1000 sacos carbon. -Playa de San Juan, gol. Segunda Gestrádis, patrón Mayans. -Dimas, gol. Hermosa Gnanera, pat. Vives, 200 8. azúcar. -Cabañas, gol. Rosita, pat. Juan, 800 8. azúcar. -Morrillo, gol. Joven Marcelino, pat. Espino, 500 sacos azúcar. Carahatas, gol. Tras Hermanas, pat. Riobo 1150 ladrillos y efectos. -Congojas, gol. María Andrea, pat. Cabaleiro. 500 sacos azúcar. -Cárdenas, gol. Aguila de Oro, pat. Cantero, 915 Bacos azúcar y efectos. -Banes, gol. Dos Isabeles, pat. Gil, 550 sacos azúcar. -Cabañas, gol. Caballo Marino, pta. Inclán 800 Bacos azúcar.;;;;1895_03_30;
;;N/A: ;Rigó;pat.;;-Cabañas, gol. Condor, pat. Rigó 765 s. azúcar,;;Condor;gol.;1895_03_31;Cabañas
;;N/A: ;Thomar;pat.;;-Jaruco, gol. Amado Antonio, pat. Thomar, 87;;Amado Antonio;gol.;1895_03_31;Jaruco
;;N/A: ;Gil;pat.;;-Banes, gol. Nautilus, pat. Gil, 300 sacos azúcar.;;Nautilus;gol.;1895_03_31;Banes
;;N/A: ;Freixas;pat.;;-Cabañas. gol. Joven Pilar, pat. Freixas, 1010;;Joven Pilar;gol.;1895_03_31;Cabañas
Día 19:;;N/A:  | N/A:  | N/A:  | N/A:  | N/A:  | N/A: ;Ruiz;pat.;;Día 19: -Bahía Honda, gol. Mercedita, pat. Ruiz. 500 saCos azúcar -Congojas, gol. Joven Victoria, pat. Padrón, 800 secos carbón. -Cabañas, gol. Victoria, pat. Tortell, 800 sacos azúcar. -Banes, gol. Dos Isabeles, pat. Gil, 500 sacos azúcar. -Banes, gol. Nautilus, pat. Gil, 300 sacos azúcar. -Banes, gol. Josefa, pat. Gil: 300 sacos azúcar.;;Mercedita;gol.;1895_04_02;
;;N/A: ;Rigó;pat.;;Cabañas, gol. Condor, pat. Rigó 700 8. azúcar.;;Condor;gol.;1895_04_04;Cabañas
;;N/A: ;Enseñat;pat.;;Sierra Morena, gol. Emilia, pat. Enseñat, 800;;Emilia;gol.;1895_04_04;
;;N/A: ;Thomas;pat.;;-Jaruno, gol. Amado Antonio, pat. Thomas, 200;;Amado Antonio;gol.;1895_04_04;
;;N/A: ;Espino;pat.;;-Morrillo. gol. Joven Marcelino, pat. Espino, 550;esp.;Joven Marcelino;gol.;1895_04_04;Morrillo
;;N/A: ;González;pat.;;-Morrillo, gol. Feliz. pat. González, 300 sacos azúcaг.;;Feliz;gol.;1895_04_04;Morrillo
;;N/A: ;Ferrer;pat.;;Cárdenas, gol. Purisima Concepción, pat. Ferrer 2009 s. azúcar;;Purisima Concepción;gol.;1895_04_04;Cárdenas
;;N/A: ;Sastre;pat.;;-Mariel, gol. Altagracia, pat. Sastre, 530 sacos azúcar.;;Altagracia;gol.;1895_04_04;
;;N/A: ;Pellicer;pat.;;-Sierra Morena, gol. Pirineo, pat. Pellicer, 1,400;;Pirineo;gol.;1895_04_04;Sierra Morena
;;N/A: ;Jofre;pat.;;e. azúcar. -Morrillo, gol. Candita, pat. Jofre, 700 e. azúcar.;;Candita;gol.;1895_04_04;
;;N/A: ;Juan;pat.;;-Cabañas, gol. Rosita, pat. Juan, 14) s. azúcar.;;Rosita;gol.;1895_04_05;Cabañas
;;N/A: ;Montell;pat.;;Margarita, gol. Gallego, pat. Montell, 600 aacos;;Gallego;gol.;1895_04_05;Margarita
;;N/A: ;Colomar;pat.;;-Ortigosa, gol. Dolorita, pat. Colomar, 40 sacos;;Dolorita;gol.;1895_04_05;Ortigosa
;;N/A:  | N/A: ;Pereira;pat.;;-(arahatas, gol. Teresita, pat. Pereira 1000 s. azúcar. -Cuba, vap. Manuela, cap. Venturare, 400 sacos;;Teresita;gol.;1895_04_05;Cuba
;;N/A: ;Ferrer;pat.;;sa ca carbón. --Arroyos, gol. Isabel II, pat. Ferrer, 600 s. carbón.;;Isabel II;gol.;1895_04_05;Arroyos
;;N/A: ;Berjan;pat.;;Santa María, gol. Margarita, pat. Berjan, 600;;Margarita;gol.;1895_04_05;
;;N/A: ;Riera;pat.;;-Dimas, gol. Buenaventura, pat. Riera, 360 caballos leña.;;Buenaventura;gol.;1895_04_05;Dimas
;;;Fonredona;pat.;;-Cougojas, gol. Esmeralda, pat. Fonredona,;;Esmeralda;gol.;1895_04_05;Cougojas
Día 6:;;N/A:  | N/A:  | N/A: ;Viñolas;cap.;;Día 6: -Nuevitas, vapor Mortera, capitán Viñolas, 5,500 sacos azúcar, 300 reses y efectos. -Carahatas, gol. Tres Hermanas, pat. Riobo 1100 sacos azúcar. -Mariel, gol. Altagracia, pat. Sastre, 530 sacos azúcar.;;Mortera;vap.;1895_04_07;Nuevitas
Día 8:;;N/A: ;Rigó;pat.;null;Día 8: -Cabañas, gol. Condor, pat. Rigó 700 8. azúcar. -Cabañas, gol Rosita, pat. Juan, 200 s. azúcar.. carbón. -Dimas, gol. Hermosa Guanera, pat. Vives, 170 8. azúcar. -Dimas, gol. Mercedita, pat. Mayans, 1000 sacos carbón. -Bajas, gol. Carmita, pat. Amengual, 800 sacom carbón. -Cabañas. gol. Caballo Marine, pta. Inclán 800 насов айсаr. -Morrillo. gol. Joven Marcelino, pat. Espino, 500 88008 azúcar. -Morrillo, gol. Feliz, pat. González, 300 sacos aκάσες, -Morrillo, gol. Candita, pat. Jofre, 600 s. azúcar. -Cengejas, gol. Joven Victoria, pat. Padrón, 820 sacos carbón. -Santa Cruz, gol. Joven Manuel, par. Barrera 203 q. cebollas. -Granadillo, gol. Ignacio Alemén, pat. Mir, 500 porines y efectos. -Cabañas, gol. Victoria, pat. Tortell, 800 sacos azúcar.;;Condor;gol.;1895_04_09;null
;;N/A: ;Planell;pat.;;-Guanes, gol. Praviana, pat. Planell, 498 tercios;;Praviana;gol.;1895_04_10;Guanes
;;N/A: ;Bais;pat.;;-Bahía Honda, gol. Mercedita, pat. Bais. 800 sacos azúcar;;Mercedita;gol.;1895_04_10;Bahía Honda
;;N/A: ;Fonrodona;pat.;;Sierra Morena, gol. Tres Hermanas, pat. Fonrodona. 400 sacos azúcar.;;Tres Hermanas;gol.;1895_04_10;
;;N/A: ;Freixas;pat.;;-Cabañas, gol. Joven Pilar, pat. Freixas, 700 Osacos azúcar.;;Joven Pilar;gol.;1895_04_10;Cabañas
;;N/A: ;Enseñat;pat.;;-Baracoa, gol. Gaspar, pat. Enseñat, 40 beyes.;;Gaspar;gol.;1895_04_10;Baracoa
;;N/A: ;Thomas;pat.;;-Jaruco, gol. Amado Antonio, pat. Thomas, 100;;Amado Antonio;gol.;1895_04_14;Jaruco
;;N/A: ;FeTret;pat.;;Cárdenas, gol. Purisima Concepción, pat. FeTret 1100 s. azúcar;;Purisima Concepción;gol.;1895_04_14;Cárdenas
;;N/A: ;Sastre;pat.;;Mariel, gol. Altagracia, pat. Sastre, 530 sacos a2úcar.;;Altagracia;gol.;1895_04_14;
;;N/A: ;Rigó;pat.;;-Cabañas, gol. Condor, pat. Rigó 775 s. 1 zúcar.;;Condor;gol.;1895_04_16;Cabañas
;;N/A: ;Juan;pat.;;-Cabañas, gol. Rosita, pat. Juan, 800 s. azúcar.;;Rosita;gol.;1895_04_16;Cabañas
;;N/A: ;Enseñat;pat.;;-Sierra Morena, gol. Emilia, pat. Enseñat, 600;;Emilia;gol.;1895_04_16;Sierra Morena
;;N/A: ;Sastre;pat.;;-Mariel, gol. Altagracia, pat. Sastre, 530 sacos azúcar.;;Altagracia;gol.;1895_04_16;
;;N/A:  | N/A:  | N/A:  | N/A: ;Ruiz;pat.;;sacos azúcar y efectos. Bahía Efonda, gol. Mercedita, pat. Ruiz. 500 sacos azúcar -Matanzas, gol. Amelis, pat. Cayuso, 86 bocoyes aguardiente. -Banes, gol. Josefa, pat. Gil: 900 sacos azúcar. -Sierra Morena, gol. Emilia, pat. Enseñat, 500;;Mercedita;gol.;1895_04_17;Bahía Efonda
;;N/A: ;Enseñat;pat.;;saces azúcar. -Baracoa, gol. Gaspar, pat. Enseñat, 40 beyes.;;Gaspar;gol.;1895_04_17;Baracoa
;;N/A:  | N/A: ;Palmer;pat.;;miel. -Mariel, gol. Joven Gertrudis. pat. Palmer. CCO -Morrillo, gol. Joven Marcelino, pat. Espino, 500;;Joven Gertrudis;gol.;1895_04_17;Mariel
;;N/A: ;González;pat.;;sacos azúcar. -Morrillo, gol. Feliz, pat. González, 300 sacos azúcar, -Morrillo, gol. Candita, pat. Jofre, 600 s. azúcar.;;Feliz;gol.;1895_04_17;Morrillo
;;N/A:  | N/A:  | N/A: ;Enseñat;pat.;;Sierra Morena, gol. Emilia, pat. Enseñat, 700 sacos carbón -Cabañas, gol, Rosita, pat. Juan, 900 s. azúcar. Jaruco, gol. Amado Antonio, pat. Thomas, 200 q. cebollas.;;Emilia;gol.;1895_04_19;
Día 19:;;N/A: ;Sanjurjo;cap.;;Día 19: 204 204 -Sagua, vap. Adela, cap. Sanjurjo, 751 sacos azúcar. -Malas Aguas, vap. Triton, cap. Real, 400 sacos azúcar, y efectos. Gaanes, gol. Praviana, pat. Planell, 440 tercios tabaco y efectos. Mariel, gol. Joren Gertrudis. pat. Palmer, 900 Sacos azúcar,;;Adela;vap.;1895_04_19;Sagua
Día 20:;;N/A:  | N/A:  | N/A:  | N/A:  | N/A:  | N/A:  | N/A: ;Jaan;pat.;;Día 20: -Cabañas, gol. Rosita, pat. Jaan, 800 s. azúcar. -Cabañas. gol. Caballo Marino, pta. Inclán 800 sacos azúcar. Cabañas, gol. Condor, pat. Rigó 765 8. azúcar. -Cabañas. gol. Jovan Pilar, pat. Freixas, 660 sacos azúcar. -Matanzas, gol. Amelia, pat. Cayaso, en ltre. -Jaruco, gol. Paquete de Jaruco, pat. Percel 20 q. cebollas. -Morrillo, gol. Candita, pat. Jofre, 600 s. azúcar. -Mariel, gol. Altagracia, pat. Sastre, 530 aacos nzúcar.;;Rosita;gol.;1895_04_21;Cabañas
;;N/A: ;Tortell;pat.;;-Cabañas, gol. Victoria, pat. Tortell, 800 sa008;;Victoria;gol.;1895_04_23;Cabañas
;;;Valent;pat.;;-Cárdenas, gol. María del Carmen, pat. Valent,;;María del Carmen;gol.;1895_04_23;Cárdenas
;;N/A: ;Fonrodona;pat.;;-Sierra Morens, gol. Tres Hermanas, pat. Fonrodona, 600sacos azúcar.;;Tres Hermanas;gol.;1895_04_23;Sierra Morens
;;N/A: ;Ferrer;pat.;;Cárdenas, gol. Purísima Concepción, pat. Ferrer 2000 s. azúcar;;Purísima Concepción;gol.;1895_04_23;Cárdenas
;;N/A: ;Gil;pat.;;-Banes, gol. Nautilus, pat. Gil, 300 aacos azúcar.;;Nautilus;gol.;1895_04_23;Banes
;;N/A: ;Padrón;pat.;;Congojas, gol. Joven Victoria, pat. Padrón: 800;;Joven Victoria;gol.;1895_04_23;Congojas
;;;Vaca;cap.;;Nuevitsa, vap. Julia, cap. Vaca, en lastre. --Pto. Padre, gol 3 Hermanas, pat. Bernaza, 330;;Julia;vap.;1895_04_23;Nuevitsa
Día 23:;;N/A:  | N/A:  | N/A:  | N/A:  | N/A:  | N/A:  | N/A:  | N/A:  | N/A: ;;;;Día 23. Puerto Padre. v.D. Avilés, cap. Sarjurjo, 134 bocoyes miel, 1,903 sacos azúcar. Caibarién, vap. Alava pat Ansuntegui, 1035 sacos azúcar y efectos. -Morrillo. gol. Joven Marcelino, pat. Espino, 500 sacos azúcar. Sierra Morena, gol. Pirineo, pat. Pellicer, 1, 200 8. azúcar. -Sierra Morena, gta. Tres Hermanas, pa. Forrodona: con efectos. -Cabañas, gol. Caballo Marino, pta. Inclán 530 Ba308 azúcar. Jaruco, gol. Amado Antonio, pat. Thomas, 40 q. cebollas. -Banes, gol. Dos Isabeles, pat. Gil, 550 sacos azúcar. -Punta Larga gol. Almansa, pat. Menaga, 150 -Matanzas, gol. Maris, pat. Cayuso 45 c. sgte.;;;;1895_04_24;
;;N/A: ;Juan;pat.;;-Cabañas, gol. Rosita, pat. Juan, 800 s. azúcar.;;Rosita;gol.;1895_04_25;Cabañas
;;N/A: ;Sastre;pat.;;-Mariel, gol. Altagracia, pat. Sastre, 530 sacos ainzúcar.;;Altagracia;gol.;1895_04_25;
;;N/A: ;González;pat.;;-Morrillo, gol. Feliz, pat. González, 300 sacos azúcar,;;Feliz;gol.;1895_04_25;Morrillo
;;N/A: ;Palmer;pat.;;-Mariel, gol. Joven Gertrudis. pat. Palmer. 900;;Joven Gertrudis;gol.;1895_04_25;
;;N/A: ;Fonrodona;pat.;;Sierra Morena, gol. Tres Hermanas, pat. Fonrodona, 600sacos azúcar.;;Tres Hermanas;gol.;1895_04_25;
;;N/A: ;Enseñat;pat.;;-Baracoa, gol. Gaspar, pat. Enseñat, 40 beyes.;;Gaspar;gol.;1895_04_25;Baracoa
;;;Enseñat;pat.;;-Sierra Morena, gol. Emilia, pat. Enseñat;;Emilia;gol.;1895_04_25;Sierra Morena
Día 25:;;N/A:  | N/A:  | N/A:  | N/A:  | N/A:  | N/A:  | N/A: ;;;;Día 25: -Sagua, vap. Adela, cap. Sanjurjo, 1750 saces &>úcar. -Cabañas, gol. Rosita, pat. Jnan, 200 s. azúcar. -Cabañas, gol. Condor, pat. Rigó 650 s. azúcar. -Arroycs, gol. Amable Rosita, pat, Portella, 600 B&cos carbón. -Mariel, gol. Altagracia, pat. Sastre, 530 sacos azúcar. -Dominica, gta Dominica, pat. Bosch, 300 sacos zúcar. -Idem, gol. Dos Isabeles, pat. Gil: con efectos.;;;;1895_04_26;
;;N/A: ;Plauell;pat.;;Guanee, gol. Praviana, pat. Plauell, 350 tercios;;Praviana;gol.;1895_04_28;
;;N/A: ;Juan;pat.;;Cabañas, gol. Rosita, pat. Juan, 800 e. azúcar.;;Rosita;gol.;1895_04_28;Cabañas
;;N/A: ;Montell;pat.;;Margarita, gol. Gallego, pat. Montell, 1000 sacos;;Gallego;gol.;1895_04_28;Margarita
;;N/A: ;Sastre;pat.;;-Mariel, gol. Altagracia, pat. Sastre, 530 sacos a2úcar.;;Altagracia;gol.;1895_04_28;
;;N/A: ;Colomer;pat.;;Ortigosa, gol. Dolorita, pat. Colomer, 44) sacos;;Dolorita;gol.;1895_04_28;Ortigosa
;;N/A: ;Thomar;pat.;;Jaruco, gol. Amado Antonio, pat. Thomar, 40;;Amado Antonio;gol.;1895_04_28;Jaruco
Día 29:;;N/A:  | N/A:  | N/A:  | N/A:  | N/A:  | N/A:  | N/A:  | N/A:  | N/A:  | N/A:  | N/A:  | N/A:  | N/A:  | N/A:  | N/A: ;;;;Día 29: -Puerto Padre, v-p. Avilés, cap. Sarjurjo, 190 bocoyes miel, 1 738 sacos azúcar. Nnevítas, vap. San Juan, apc. Ginesta, 152 reses 2604 sacos azúcar y efectos. -Arroyos, gol. Isabel II. pat. Ferrer, 600 s. carhón. Crugojas, gol. Joven Victoria, pat. Padrón, 500 sacos carbón. -Jaruco, gel. Amado Antonio, pat. Thomae, 1108. zúcar. Granadillo, gol. Ignacio Alemán, pat. Mir, 300 po ines v efectos. -Mariel, gol. Altagracia, pat. Sastre, 530 sacos azúcar. -Mariel, gol. Joven Gertrudis. pat. Palmer. 700 Bacos azúcar. -Cárdenas, gol. Purisima Concepción, pat. Ferrer 2000 s. azúcar Morrillo, gol. Feliz, pat. González, 540 sacos Rzúcar, -Banes, gol. Dos Isabeles, pat. Gil, 550 sacos azúcar. -Barracos, gol. María del Garmen, pat. Alemañу, 200 varas madera, 400 yayas. b;;;;1895_04_30;
;;N/A: ;Calatayud;pat.;;-árdenas, gol. 2 Cantinera, pat. Calatayud 200;;2 Cantinera;gol.;1895_05_01;árdenas
;;N/A: ;Freixas;pat.;;-Cabañas gol. Joven Pilar, pat. Freixas, 850;;Joven Pilar;gol.;1895_05_01;Cabañas
;;N/A: ;Pereira;pat.;;arahatas, gol. Teresita, pat. Pereira 1100 s. azúcar.;;Teresita;gol.;1895_05_01;
;;N/A: ;Sastre;pat.;;-Mariel6001 , gol. Altagracia, pat. Sastre, 550 sacos azúcar.;;Altagracia;gol.;1895_05_01;
;;N/A: ;Gil;pat.;;-Banes, gol. Nautilas, pat. Gil, 300 sacos azúcar.;;Nautilas;gol.;1895_05_01;Banes
;;N/A: ;Gi;pat.;;-Banes, gol. Dos Isabeles, pat. Gi, 500 sacos n;;Dos Isabeles;gol.;1895_05_01;Banes
;;N/A: ;Padrón;pat.;;-Congojas, gol. Joven Victoria, pat. Padrón: 850;;Joven Victoria;gol.;1895_05_03;Congojas
;;N/A: ;Palmer;pat.;;Mariel, gol. Joven Gertrudis. pat. Palmer. 700;;Joven Gertrudis;gol.;1895_05_03;
;;N/A: ;Gil;pat.;;-Banes, gol. Dos Isabeles, pat. Gil, 550 sacos azucar.;;Dos Isabeles;gol.;1895_05_03;Banes
;;N/A: ;Vera;pat.;;-Nuevitas, gol. San Fernando, pat. Vera 441 reses;;San Fernando;gol.;1895_05_03;Nuevitas
;;N/A: ;Thomas;pat.;;Jaruco, gol. Amado Antonio, pat. Thomas, 141;;Amado Antonio;gol.;1895_05_03;Jaruco
;;N/A: ;Ferrer;pat.;;Pta. de San Juan. gol. Aguila, pat. Ferrer, 1,000);;Aguila;gol.;1895_05_03;San Juan
;;N/A: ;Montell;pat.;;-Margarita, gol. Gallego, pat. Montell, 400 sacos;;Gallego;gol.;1895_05_04;Margarita
;;N/A: ;Rigó;pat.;;-Cabañas, gol. Condor, pat. Rigó 774 s. azúcar.;;Condor;gol.;1895_05_04;Cabañas
;;N/A: ;González;pat.;;Morrillo, gol. Feliz, pat. González, 840 sacos 2zúcar,;;Feliz;gol.;1895_05_04;
;;;Espino;pat.;;-Morrillo. gol. Joven Marcelino, pat. Espino, F00;esp.;Joven Marcelino;gol.;1895_05_04;Morrillo
;;N/A: ;Palmer;pat.;;-Mariel, gol. Joven Gertrudis. pat. Palmer. 800;;Joven Gertrudis;gol.;1895_05_04;
;;N/A: ;Sastre;pat.;;-Mariel, gol. Altagracia, pat. Sastre, 530 sacos azúcar.;;Altagracia;gol.;1895_05_04;
Día 4:;;N/A:  | N/A:  | N/A:  | N/A:  | N/A:  | N/A:  | N/A: ;;;;Día 4: Cabañas, gol. Victoria, pat. Tortell, 800 saccs azúcar Matanzas, gol. María, pat. Caruso 150 h. agte. -Mariel, gol. Altagracia, pat. Sastre, 530 sacos azúcar. -Morrillo, gol Candita. pat. Jofre, 45 s. azúcar. -Cuba, vap. Manuela, cap. Venturara, 2359 sacos maiz y efectos -Santa Marís, gol. Margarita, pat. Benjan, 300 ballos le fis. -Sierra Morena, gol. Emilia, pat. Enseñat 1500 sacos azúcar.;;;;1895_05_05;
Día 6:;;N/A:  | N/A:  | N/A:  | N/A:  | N/A:  | N/A:  | N/A:  | N/A:  | N/A:  | N/A:  | N/A:  | N/A:  | N/A:  | N/A:  | N/A:  | N/A:  | N/A: ;;;;Día 6: Puerto Padre, vap. Avilés, cap. Sanjurjo, 130 bocoyes miel, 1 499 sacos azúcar. -Cuba, vap. Manuela, cap. Venturara, 860 sacos maiz y efectos -Baracoa, gta. Anita, pat. Mas, 30,000 cooos, 21 varas maderas y efectos. -Cabañas, gol. Joven Pilar, pat. Freixas, 850 sacos azúcar. -Cárdenas, gol. Aguila de Oro, pat. Cantero, 915 sacos azúcar y efectos. Mariel, gol. Altagracia, pat. Sastre, 530 aacos &zúcar. -Jaruco, gol. Amado Antonio, pat. Thomas, 140 8. azúcar. -Morrillo. gol. Joven Marcelino, pat. Espino, 500 Bacoв azúcar. -Cabañas, gol. Caballo Marino, pta. Inclán 800 480 sacos azúcar. -Cabañas, gol. Rosita, pat. Juan, 800 8. azúcar. -Banes, gol Josefa, pat. Gil: 300 sacos azúcar. -Banes, gol. Nautilus, pat. Gil, 300 sacos azúcar. -Banes, gol. Dos Isabeles, pat. Gil, 550 sacos azúcar. -Matanzas, gol. Amelia, pat. Cayuso, 102 bocoyes aguardiente. Baracoa, gol. Gaspar, pat. Enseñat, 40 beyes. miel.;;;;1895_05_07;
;;N/A: ;Pellicer;pat.;;BORD -Sierra Morena, gol. Pirineo, pat. Pellicer, 440 8. azúcar.;;Pirineo;gol.;1895_05_07;BORD
Día 7:;;N/A:  | N/A:  | N/A:  | N/A:  | N/A:  | N/A:  | N/A: ;;;;Día 7: -Caibarién, vap. Alava pat. Ausuategui, 1195 sacos azúcar y efectos. -Gaanes, gol. Praviana, pat. Planell, 350 tercios tabaco y efactos. -Cabañas, gol. Condor, pat. Rigó 774 s. azúcar. 14 -Canasí, gta. Sabas, pat. Fons, 500 s azúcar. -Bahía Honda, gol. Mercedita, pat. Ruiz 1100 sacos azúcar. -Mariel, gol. Joven Gertrudis. pat. Palmer. 800 BACOB azúcar. -Nuevitas, gol. Tínima, pat. Mas, 450 reses.;;;;1895_05_08;
;;N/A:  | N/A:  | N/A:  | N/A:  | N/A:  | N/A: ;;;;AUD об -Carahatas, gol. Teresita, pat. Pereira 180 becoyea miel. Congojas, go'. María Andrea, pat. Cabaleiro 800 Bacos carbón nay, vines aia ossid -Sierra Morena, gol. Tres Hermanas, pat. Fonrodona, 420 ascos szúcar. Banes, gol. Nautilus, pat. Gil, 300 sacos zúcar. -Jaruco, gol. Amado Antonio, pat. Thomas, 140 8. azúcar. Toda 100 egitentes ek nod -Morrillo, gol. Candita, pat. Jofre, 600 s. azúcar.;;;;1895_05_10;
Día 13:;;N/A:  | N/A:  | N/A:  | N/A:  | N/A:  | N/A:  | N/A:  | N/A: ;Sarjarjo;cap.;null;Dis 13: Puerto Padre, vip. Avilés, cap. Sarjarjo, 130 bocoyes miel, 1 600 acos azúcar -Dimas, gol. Merce tita, pat. Mayans, 800 acos carbón. -Mariel, gol. Altagracia, pat. Sastre, 530 sacos azúcar. -Banes, gol. Nantilus, pat. Gil, 300 Pacos szúcar. -Cabañas, gol Rosita, pat. Juan, 900 8. szúcar. -Cabañas. gol. Caballo Marino, pta. Inclán 700 Bacos azúcar, -Mariel, gol María Magdalena, pat Marantes, 112 boceyes miel. -Nuevitas, gol San Fernando, pat Vera 413 reses;;Avilés;vip.;1895_05_14;Puerto Padre
Día 16:;;N/A:  | N/A:  | N/A:  | N/A: ;;;;Día 16: -Malas Aguas, vap. Triton, cap. Real, 215 tecrios tabaco, y efectos. Sagua, vap. Adela, cap. Sanjurjo, 600 sacos arúcar. Matanzas, gol. Amelia, pat. Cayuso, 102 bocoyos aguardiente. Jaruco, gol. Amado Antonio, pat. Thomas, 66 8. azúcar.;;;;1895_05_17;
Día 20:;;N/A:  | N/A:  | N/A:  | N/A:  | N/A:  | N/A:  | N/A:  | N/A: ;Fenrodona;pat.;;Dia 20: Congojas, gol Esmeralda, pat. Fenrodona, 800 8 arb6a. Santa Maria, gel, Margarita, pat. Berjan, 300 ballos lefia. -Dimas, gol. Mercedita, pat. Mayans, 500 races carbón. -Nuevitas, gol. Emilia, pat. Vázquez 55 reses 300 sacos az ú08 r. -Berracos g. 1. María del Carmen, pat. Ale mafy, 150 varas madera, 500 yayas. -Cabañas, gol Victoria, pat. Tortell, 800 sacos azújar -Mariel, gol. Joven Gertrudis. pat. Palmer. 800 2800s azúcar. Santa Cruz, gol. Joven Marnel, par. Barrera 300 maiz y eftos. Baves, gol. Dos Isabeles, pat. Gil, 550 sacos azúcar. Sierra Morena, gol. Emilia, pat. Enseñat 800 Acob carbón.;;Esmeralda;gol;1895_05_21;Congojas
;;N/A: ;Gil;pat.;;Banes, gol. Nautilus, pat. Gil. 300 saons azúcar.;;Nautilus;gol.;1895_05_23;Banes
;;N/A: ;Pereira;pat.;;-Carahatas, gol. Teresita, pat. Pereira 1100 bococos azúcar;;Teresita;gol.;1895_05_23;Carahatas
;;N/A: ;Tortell;pat.;;-Cabañas, gol. Victoria, pat. Tortell, 850 sacos;;Victoria;gol.;1895_05_23;Cabañas
;;N/A: ;Sastre;pat.;;Mariel, gol. Altagracia, pat. Sastre, 530 eacos azúcar.;;Altagracia;gol.;1895_05_23;
;;N/A: ;Colomar;pat.;;Ortigosa, gol. Dolorita, pat. Colomar, 440 sacos;;Dolorita;gol.;1895_05_23;Ortigosa
;;N/A:  | N/A:  | N/A: ;Orbay;p.;;-Mulata, Paquete de Nuevitas, pa. Orbay, 200 saCoA carbón. -Cabañas, gol. Victoria, pat. Tortell, 800 sacos azúcar. Mariel, gol. Altagracia, pat. Sastre, 550 sacos azúcar.;;Mulata;pa.;1895_05_25;Nuevitas
Día 24:;;N/A:  | N/A:  | N/A:  | N/A:  | N/A:  | N/A:  | N/A: ;Sanjurjo;cap.;;Dia 24: DD STD 67 -Sagua, vap. Adela, cap. Sanjurjo, 1339 sacos ezúcar. -Cárdenas, gol. Purísima Concepción, pat. Ferrer 2000 s. azúcar -Santa Cruz, gol. Joven Manuel, par. Barrera 180 8. maiz y eftos. -Carahatas, gol. Tres Hermanas, pat. Riobo, 170 bocoyes miel. Canasi, gta. Babas, pat. Fons, 500 a. azúcar. -Jaruco, gol. Amado Antonio, pat. Thomas, 100 B. azúcar. -Nuevitas, gol. San Fernando, pat. Vers 450 reses y efectes.;;Adela;vap.;1895_05_25;
;;N/A: ;Gil;pat.;;-Banes, gol. Josefa. pat. Gil: 200 sacos azúcar.;;Josefa;gol.;1895_05_26;Banes
;;N/A: ;Gil;pat.;;-Banes, gol. Dos Isabeles, pat. Gil, 500 sacos azúcar.;;Dos Isabeles;gol.;1895_05_26;Banes
;;N/A: ;Pellicer;pat.;;-Sierra Morena, gol. Pirineo, pat. Pellicer, 400;;Pirineo;gol.;1895_05_26;Sierra Morena
Día 27:;;N/A:  | N/A:  | N/A:  | N/A:  | N/A:  | N/A: ;Ananategui;pat.;;Dia 27: Caibariés, vap. Alava pat. Ananategui, con efectos Puerto Paire. o. Avilés, csp. Sarjarjo, 180 bozares miel, 1 600 sauos azúcar. -Gaanes, gol Praviana, put. Planell, 82 tercios tebace y efectos, -Banes, gol. Dos Isabeles, rat. Gi, 500 sacos azugar. Morrille, gol Candits. pat. Jofre 600 s. azúcar. -Panta Alegre, gta. José Riera, pɛt Tur, 1000 sacos carbón -Cárdenas, gol. Reglana pat. Ferrer 750 sacos;;Alava;vap.;1895_05_28;Caibariés
;;N/A:  | N/A:  | N/A:  | N/A:  | N/A: ;Freixas;pat.;;eal. Cabañas gol. Joven Pilar. pat Freixas, 850 -Nuevies, gol. Tiima, pat. Mas, 450 reses. -Cabañas gel Rosita, pat. Juan, 900 s. azúcar. Jaruco, gol. Amado Antonio, put. Thomas, 100 8. azúcar.;;Joven Pilar;gol.;1895_05_28;Cabañas
Dia 29:;;N/A:  | N/A:  | N/A:  | N/A:  | N/A:  | N/A: ;Real;cap.;;Dia 29: Malas Aguas, vap. Triton, cap. Real, 250 taerlos tabaco, y efectos. anon Segua, vap. Adela, cap. Sanjurjo, 1339 sacos azúcar. Cárdenas, gol. Purisima Concepción, pat. Forrer 2000 a. azúcar Cengojas, gol. Joven Victoria, pat. Padrón, 500 sacos carbón. Naevitas, vapor Mortera, capitán Viñolas, 1500 sacos azúcar, 300 reses y efectos.;;Triton;vap.;1895_05_30;
Día 19:;;N/A:  | N/A:  | N/A:  | N/A:  | N/A:  | N/A:  | N/A:  | N/A: ;Vera;pat.;;Dia 19: obo its port -Naevitas, gol. San Fernando, pat. Vera 450 reses y efectos. -Banes, gol. Nautilus, pat. Gil, 800 eacos szúcar. -Banes, gol. Dos Isabeles, pat. Gi, 500 saco3 8zúcar. Jaruro, gol. Amado Antonio, pat. Thoman, 100 8. azcat.;;San Fernando;gol.;1895_06_02;
;;N/A: ;Vivos;pat.;;Dimas, gol. Hermosa Gnanera, pat. Vivos, 1200;;Hermosa Gnanera;gol.;1895_06_04;
;;N/A:  | N/A: ;Fons;pat.;;8. carbón. -Canasí, gta. Sabas, pat. Fons, 500 s. azúcar. -Cárdenas, gol. Paulita, patrón Alemany 700;;Sabas;gta.;1895_06_04;Canasí
;;N/A: ;Benjan;pat.;;bocoyes aguardiente y efectos. -Santa María, gol. Margarita, pat. Benjan, 300;;Margarita;gol.;1895_06_04;Santa María
Día 4:;;N/A:  | N/A:  | N/A:  | N/A: ;Sanjurjo;cap.;;Dia 4: Nuov tas, vapor Avilés, capitán Sanjurjo, 170 sacos szúcar -Idem, vap. Manuela, cap. Venturara, 130 reses y efectos Cabañiss. gol. Rosita, pat. Juan, 825 s. azúcar. -Santa Cruz, gol. Joven Manuel, par. Barrera 200 s. maiz y eftos.;;Avilés;vap.;1895_06_05;
Día 5:;;N/A: ;Portella;pat.;null;Dia 5: -Arroyos, gol. Amable Rosita, pat, Portella 800 Ba na carbón. -Arroyos, gol. Merosdita, pat. Velderas 1000 sacos carbón -Dimas, gl. Dos Amigos, pa. Rios 800 aa0-8 carbón. -Malas Agaas, vap. Triton, cap Real, 156 tecrio tabaco, y efectos. -Sagua, vap. Adela, cap. Sanjurjo, 41 tercios tabaco. -Morrillo, gol Candits, pat. Jofre. 600 s. azúcar. -Banes, goi. Nantilus, pat. Gil, 300 sacos azúcar. -Morrillo, gol. Feliz, pat. González, 100 sscos azúcar, -Mariel, gol Joven Gertrudis. pat. Palmer. 700 sacos azúcar. -Dimas, gol Jaan Toraya, patrón Valent, 300 8ac08 carbón. Cárdenas, gol. Aguila de Oro, pat. Cantero 90 boya sgte. -Manzanillo, gol. Margarita, pat. Calzada, 71 772 p'és maderas serrads, 1250 polines y efectos. Mantua, gol. Lince, pat. Roman 400 s. carbón y efectos.;;Amable Rosita;gol.;1895_06_06;Arroyos
;;N/A: ;Cabaleiro;pat.;;-Congojas, gol. María Andrea, pat. Cabaleiro 800;;María Andrea;gol.;1895_06_08;Congojas
;;N/A: ;Sastre;pat.;;Mariel, gol. Altagracia, pat. Sastre, 500 sacos aszúcar.;;Altagracia;gol.;1895_06_08;
;;N/A: ;Colomar;pat.;;-Ortigosa, gol. Dolorita, pat. Colomar, 440 sacos;;Dolorita;gol.;1895_06_08;Ortigosa
;;N/A: ;Tortell;pat.;;-Cabañas, gol. Victoria, pat. Tortell, 700 sacos;;Victoria;gol.;1895_06_08;Cabañas
;;N/A: ;Pereira;pat.;;-Carahatas, gol. Teresita, pat. Pereira 180 bococos miel;;Teresita;gol.;1895_06_08;Carahatas
Día 7:;;N/A:  | N/A:  | N/A: ;Planell;pat.;;Dia 7: -Granes, gol. Praviana, pat. Planell, 54 tercios tb:co y efectos -Cabañas, gol. Condor, pat. Rigó 334 s azúcar. -Santa Cruz, gel. Joven Mautel, par. Larrera. 200 siz yos.;;Praviana;gol.;1895_06_09;Granes
;;;Ferrer;pat.;;ardenas, gol. Purisima Concepción, pat. Ferrer 2000 . arúour -Granadillo, gl. Joven Felipe, pat. Alemañy 1200 Bacos carbón. Cabañas. gol. Joven Pilar, pat. Freixas, 800;;Purisima Concepción;gol.;1895_06_09;
Día 11:;;N/A:  | N/A:  | N/A:  | N/A:  | N/A:  | N/A:  | N/A:  | N/A:  | N/A:  | N/A: ;Ansustegui;pat.;;Dia 11: -Caibariér, rap. Alava pat. Ansustegui, con 300 arcos azúcar y efectos. Pto. Padre, gol 3 Hermanas, pat. Bernaza con efectos. -Banee, gol Dos Isaholes, pat. Gil, 500 sanes azhar. Jao, gol. Ahado Antonio, pat. Thomas, 100 szer. Races, g. María del Carmen, pat. leafy, 400 varas madera 500 yayas. -Cárdenas, go Unón, pa. Mandi! g 24 boco-Garahatas. g. Teas Hermanas, pat Richo, 173 heese mis. Sierra Morena, gol Emilia, pat. Enseñat 600 H500 azúcar. -Gibcoa, gol. 18 Vinaroz, pat. García 300 c. 1 fin Granadillo, gl. Joven Felipe, pat. Alemufiy 1200 sacos carbón.;;Alava;rap.;1895_06_12;Caibariér
;;N/A: ;Mas;pat.;;Nuevitas, gol. Tinima, pat. Mas 400 resea;;Tinima;gol.;1895_06_15;Nuevitas
Día 15:;;N/A: ;Sastre;pat.;;Dia 15: -Mariel, gol. Altagracia, pat. Sastre, 530 sacos azúcar. -Cárdenas, gol. Aguila de Oro, pat. Cantero 90° bocoyes sguardient, y efectos -Carahatas, gol. Teresita, pat. Pereira 35 bococos miel -Berracos, gol. María del Carmen, pat. Alemany, 400 s carlión. -Banes, gol. Nautilus, pat Gil, 300 sacos pzúcar. -Bajas, gl. Carmita. pat. Amengual, 700 sacos carbón. -Bahía Honde, gol. Mercedita, pat Rais 700 sa308 azúcar. -Cabañas, gol Rosita, pat. Jnan, 210 s. azúcar.;;Altagracia;gol.;1895_06_16;
;;N/A: ;Planell;pat.;;Gnanes, gol. Praviana, pat. Planell, 300 tercios;;Praviana;gol.;1895_06_18;
;;N/A: ;Mayans;pat.;;-Baracoa, gol. Fortuna, pat. Mayans, 21 sacos ca16 0630;;Fortuna;gol.;1895_06_18;Baracoa
;;N/A: ;González;pat.;;Morrillo, gol. Feliz, pat. González, 530 sacos sazúcar.;;Feliz;gol.;1895_06_18;
;;N/A:  | N/A: ;Benjan;pat.;;100 s. maiz y eftos. -Santa María, gol. Margarita, pat. Benjan, 500;;Margarita;gol.;1895_06_18;Santa María
Día 19:;;N/A:  | N/A:  | N/A:  | N/A:  | N/A:  | N/A:  | N/A:  | N/A: ;Real;cap.;;Dia 19: Malas Aguas, vap. Triton, cap. Real, 187 tecrios tabaco, y efectos. Gaanes, gol Pravians, pat. Flanell, 130 tercios tabaco y efectos. -Ortigosa, gol. Dolorita, pat. Colomar, 440 sacos azúcar. -Cabañas, gol. Victoria, pat. Tortell 800 sacos azúcar. -Arroyos, gol. Isabel II. pat. Ferrer 600 sacos carbón. -Cárdenas, gol. Aguila de Oro, pat. Cantero, 150 varas madera, 800 traviesas. -Cardonas, gol. Regana, pat. Ferrer 750 8ac08;;Triton;vap.;1895_06_20;
Día 20:;;N/A:  | N/A:  | N/A:  | N/A:  | N/A:  | N/A:  | N/A: ;;;;Dia 20: Naevitas, vapor Mortera, capitán Viñolas, 1795 86008 szúcar, 58 rese: y efect Nuevit 8, vap. Julia, cap. Vaca, 270 reses. Nuevitas, gol. Tinima, pat. Mas 400 reses Nuevitas, gol. San Fernando, pat Vera 400 idem. -Cabañas, gol Rosita, pat. Juan. 600 s. ezúcar. -Canasi, gta. Sabas, pat. Fons, 450 s azúcar Behía Honda, gal. Mercedita, pat. Ruiz 270 sacos azúcar. -Matanzas, gol. Amiella, pat. Cayuso, 50 bocoyes aguardiento y efectos. Margarita, gol. Gallego, pat. Montell, 400 sacos carbón.;;;;1895_06_21;
Día 21:;;N/A: ;Marantes;pat.;;Dia 21: -Mariel, gol. María Magdalena, pat. Marantes, 200 sacos azúcar. -Bahía Honda, gol. Mercedita, pat. Ruiz 500 sacos azúcar. Jaruco, gol. Amado Antonio, pat. Thomas, 58 8. azúcar. -Sierra Morena, gol. Emilia, pat. Enseñat 400 sacos azúcar.;;María Magdalena;gol.;1895_06_22;Mariel
Día 22:;;N/A: ;González;pat.;;Dia 22: -Morrillo, gol. Feliz, pat. González, 330 sacos 3zúcar, -Granadillo, gol. Ignacio Alemán, pat. Mir, 300 polines y efectos. -Morrillo, gol, Joven Marcelino, pat. Espino, 500 sacos azúcar.;;Feliz;gol.;1895_06_23;Morrillo
;;N/A: ;Juan;pat.;;plátanos y eftos. -Cabañas, gol. Rosita, pat. Juan, 242 B. azúcar. -Carahates, gol. Tres Hermanas, pat. Riobo, 173;;Rosita;gol.;1895_06_26;Cabañas
;;N/A:  | N/A:  | N/A:  | N/A: ;Alemany;patrón;;sacos carbón. -Cárdenas, gol. Paulita, patrón Alemany 90 pipas agte. -Carahatas, gol. Teresita, pat. Pereira 170 bococos miel -Banes, gol. Dos Isabeles, pat. Gil, 500 sacos azúcar.;;Paulita;gol.;1895_06_26;Cárdenas
;;N/A:  | N/A: ;Sastre;pat.;;8a 08 carbón. -Mariel, gol. Altagracia, pat. Sastre, 200 sacos &zúcar. -Jaruco, gol. Amado Antonio, pat. Thomas, 58;;Altagracia;gol.;1895_06_26;Mariel
;;N/A: ;Vázquez;pat.;;* azúcar. -Nuevitas, gol. Emilia, pat. Vázquez 62 reses.;;Emilia;gol.;1895_06_26;Nuevitas
Día 26:;;N/A:  | N/A:  | N/A:  | N/A:  | N/A: ;Viñiolas;cap.;;Dia 26: -Nuevitas, vapor Mortera, capitán Viñiolas, 535 reser y efectos. Santa Cruz, gol. Joven Manuel, par. Barrera, 285 s. maiz y eftos. -Sagua, vap. Adela, cap. Sanjurjo, 48 tereios tabaco. -Berracos, gal. María del Carmen, pat. Alemañу,;;Mortera;vapor;1895_06_27;Nuevitas
;;N/A:  | N/A: ;Mas;pat.;;tabaco y efectos. -Baracoa, gta. Anita, pat. Mas 100,000 cocos -Arroyos, gol. Mercedita, pat. Velderas, 400 sacos;;Anita;gta.;1895_06_29;Baracoa
;;N/A:  | N/A: ;Cayaso;pat.;;-Matanzas, gol. Maria, pat. Cayaso, 50 bocoyes aguardiente y efectes.;;Maria;gol.;1895_06_29;Matanzas
;;N/A:  | N/A: ;Mas;pat.;;2000 sacoa azúcar. -Nuevitas, gol. Tínims, pat. Mas 400 reses;;Tínims;gol.;1895_06_29;Nuevitas
;;N/A: ;Piera;pat.;;Nuevitas, gol. Emma, pat. Piera 350 reses.;;Emma;gol.;1895_06_29;Nuevitas
Día 2:;;N/A:  | N/A:  | N/A:  | N/A:  | N/A:  | N/A:  | N/A:  | N/A: ;;;;Dia 2: -Caibarión, vap. Alava pat. Ausuategui, con 100 sacos azúcar y efectos. -Cuba, vap. San Juan. apc. Ginesta, 200 reses -Paya de San Juan, gol. Segunda Gertrúdis, patrón Mayans 1000 Bacos carbón. -Santa María, gol. Margarita, pat. Benjan, 500sacos carbon -Dimas, gol. Dos Amigos, pa. Rios 800 sacos carbón. -Mariel, gol. Altagracia, pat. Sastre, 200 sacos azúcar. -Morrillo, gol. Feliz, pat. González, S3) sacos 3zúcar. -Carahatas, gl. Tres Hermanas, pat. Riobo, 173;;;;1895_07_03;
;;N/A:  | N/A: ;Ferrer;pat.;;sacos carbón. Carahatas, gol. Teresita, pat. Pereira 47 bococos miel -P. Hicacos, gol. Reglana, pat. Ferrer 750 sacos;;Reglana;gol.;1895_07_03;Hicacos
;;N/A: ;Cardona;pat.;;sal. -Guanes, gol. Especulación, pat. Cardona 150;;Especulación;gol.;1895_07_03;Guanes
;;N/A: ;Padrón;pat.;;sacos carbón. -Congojas, gol. Joven Victoria, pat. Padrón: 800;;Joven Victoria;gol.;1895_07_03;Congojas
Día 4:;;N/A: ;Velderas;pat.;;Dia 4: --Arroyos, gol. Mercadita, pat. Velderas, 1000 sacos;;Mercadita;gol.;1895_07_05;Arroyos
;;N/A:  | N/A: ;Cayuso;pat.;;-Matanzas, gol. Maria, pat. Cayuso, 200 bocoyes aguardiente y efectos;;Maria;gol.;1895_07_05;Matanzas
;;N/A: ;Caba eiro;pat.;;-Corgojas, gol. María Andrea, pat. Caba eiro 800;;María Andrea;gol.;1895_07_05;Corgojas
;;N/A: ;Vives;pat.;;-Dimas, gol. Hermosa Geanera, pat. Vives, 460;;Hermosa Geanera;gol.;1895_07_05;Dimas
Día 6:;;N/A:  | N/A:  | N/A:  | N/A:  | N/A:  | N/A:  | N/A:  | N/A: ;Sanson;cap.;;Dia 6: -Muevitas vap Cosme Herrers cap. Sanson 1,000 8. azúcar, 150 bocoyes miel. Gaanes, v p. Praviano, pat. María, 130 tercios tabico y efectos. -Cabañas, gol. Condor, pat. Rigó 334 8. azúcar. -Mariel. gol. María Magdalena, pat. Marantes, Jos azúcar. -Nuevitas, gol. Tínima, pat. Mas 400 reses -Nuevitas, gol. San Fernando, pat. Vera 400 id. -Granadillo, gol. Ignacio Alemán, pat. Mir,;;Cosme Herrers;vap.;1895_07_07;Muevitas
;;N/A: ;Colomar;pat.;;300 posines y efectos. -Ortigosa, gol. Dolorita, pat. Colomar, 140 sacos azúcar. -Berracos, gol. María del Carmen, pat. Alemañу,;;Dolorita;gol.;1895_07_07;Ortigosa
Día 8:;;N/A:  | N/A:  | N/A:  | N/A: ;Ansuategui;pat.;;Dia 8: Caibarién, vap. Alava pat. Ansuategui, con 100 sacos azúcar y efectos. Nuevitas, vapor Mortera, capitán Viñolas, 535 reses y efectos. Santa Cruz, gol. Joven Manuel, par. Barrera. 285 s. maiz y eftos. -Pta. de San Juan, gol. Tres Hermanas, p. Bosh sacos carbón.;;Alava;vap.;1895_07_09;Caibarién
Día 10:;;N/A:  | N/A:  | N/A:  | N/A: ;Vaca;null;;Dis 10: Nnevit e. vap. Ju'is, esp. Vaca, 2379 a. azúcar. -Malas Aguas, vap. Triton, cap. Real, 250 teorio tabano, y efectos -P Hicaces, gl. Regana pat. Ferrer 750 sacos;esp.;Ju'is;vap.;1895_07_11;
;;N/A:  | N/A:  | N/A:  | N/A: ;Borjan;pat.;;Bal. Santa María, gol. Margarita, pat. Borjan, 800 Pacos carl ón -Marial, gol. Marfs Magdalona, pat. Marantés, 420 sacos azú ar. -Mariel, goi. Altagracia, pat. Sastre, 200 naeos azúcar. -Cárdenas, gol. Paulita, patró a Alemany 90 pipas agte.;;Santa María;gol.;1895_07_11;
;;N/A: ;Juan;pat.;;-Cabañas, gol. Rosita, pat. Juan, 160 s. azúcar,;;Rosita;gol.;1895_07_13;Cabañas
;;N/A: ;Visquerra;pat.;;-Cárdena, gol. Yumuri, pat. Visquerra, 20 pipas;;Yumuri;gol.;1895_07_13;Cárdena
;;N/A:  | N/A: ;Vera;pat.;;-Nuevitas, gol. San Fernando, pat. Vera, 460 re898 y efectos.;;San Fernando;gol.;1895_07_13;Nuevitas
;;N/A:  | N/A: ;Mas;pat.;;-Nuevitas, gol. Tínima, pat. Mas 400 reses y efictos.;;Tínima;gol.;1895_07_13;Nuevitas
;;N/A:  | N/A:  | N/A: ;Almenara;pat.;;-Punta Alegre, gol. 1 de Cárdenas, pat. Almenara, 60 pales usados, 150 caballos leña y efectos.;;1;gol.;1895_07_13;Cárdenas
;;N/A: ;Alemsñy;pat.;;-Sierra Morena, gol. Matilde, pat. Alemsñy, 750;;Matilde;gol.;1895_07_13;Sierra Morena
Día 13:;;N/A: ;Inclán;pat.;;Dia 13: De Cabañas, gol. Rosita, pat. Inclán, 170 sacoa de;;Rosita;gol.;1895_07_14;Cabañas
;;N/A:  | N/A:  | N/A: ;Tomás;pat.;;Jaruco, gol. Amado Antonio, pat. Tomás, 96 cajas azúcar, 50 sacos y 50 anegas de maiz.;;Amado Antonio;gol.;1895_07_14;Jaruco
;;N/A: ;Pijuan;pat.;;Teja, gol. Castilla, pat. Pijuan, 1,000 sacos de;;Castilla;gol.;1895_07_14;Teja
;;N/A: ;Ruiz;pat.;;-Bahía Honda, gol. Mercedita, pat. Ruiz, 13 palos cedro.;;Mercedita;gol.;1895_07_14;Bahía Honda
;;N/A: ;Colomar;pat.;;-Ortigosa, gol. Dolorita, pat. Colomar, 98 cuarterolas miel.;;Dolorita;gol.;1895_07_14;Ortigosa
;;;Cayuso;pat.;;-Matanzas, gol. Amalifa, pat. Cayuso con efectos.;;Amalifa;gol.;1895_07_14;Matanzas
;;N/A: ;Ventura;cap.;;-Cuba, vep. María Herrera, cap. Ventura, con 79;;María Herrera;vep.;1895_07_17;Cuba
;;N/A: ;Lorenzo;pat.;;Co goja, gol. nosita, pat. Lorenzo, con 500 ea;;nosita;gol.;1895_07_17;
;;N/A: ;Cuevas;pat.;;Cárdenas, gol Angelita, pat. Cuevas, con 600;;Angelita;gol.;1895_07_17;Cárdenas
;;N/A: ;Rodríguez;pat.;;-Cárdenas, gol. Pilar, pat Rodríguez, con 95 pipas agaareiente.;;Pilar;gol.;1895_07_17;Cárdenas
;;N/A: ;Hernández;pat.;;Cárdenas, gul. Niña, pat. Hernández con 105 blpas ag rdiente.;;Niña;gul.;1895_07_17;Cárdenas
;;N/A: ;Juan;pat.;;Si rra Moren, gol. Mª Teresa, pat. Juan, 1111;;Mª Teresa;gol.;1895_07_17;rra Moren
;;N/A: ;Barce16;pat.;;B Honds, gol. Salve Virgen Maria, pat Barce16, con 300 sacos azúcar.;;Salve Virgen Maria;gol.;1895_07_17;
;;N/A: ;García;pat.;;-P Hicacos, gol. Regiana pat. García con 750;;Regiana;gol.;1895_07_17;Hicacos
Día 18:;;N/A:  | N/A: ;Real;pbt.;;Día 18: Da Malas Aguas gol. Tritón, pbt. Real, con 600 tercios tabaco y efectos;;Tritón;gol.;1895_07_19;Malas Aguas
;;N/A:  | N/A: ;Sanjurjo;cap.;;-De Caibarión vap. Cosme Herrera, cap. Sanjurjo ćon 150 1ercios tabaco y efectos.;;Cosme Herrera;vap.;1895_07_19;Caibarión
;;N/A: ;Román;pat.;;-Arroyos, gol. Lince, pat, Román, con 600 sacos;;Lince;gol.;1895_07_19;Arroyos
;;N/A: ;Porcel;pat.;;-Jaruco, gol. Puerto de Jaruco, pat. Porcel, 200;;Puerto de Jaruco;gol.;1895_07_19;Jaruco
;;N/A: ;Pellicer;pat.;;Yeguajay, gol. Crisálida, pat. Pellicer, con 140;;Crisálida;gol.;1895_07_19;Yeguajay
;;;Calafel;pat.;;Matanzas, gol. Dos Hermanas, pat. Calafel con;;Dos Hermanas;gol.;1895_07_19;Matanzas
;;N/A: ;González;pat.;;-Morrillo, gol. Dolores, pat. González, con 300;;Dolores;gol.;1895_07_19;Morrillo
;;;Suárez;pat.;;-Cienfuegos, gol. Gabriel Suárez, pat. Suárez;;Gabriel Suárez;gol.;1895_07_19;Cienfuegos
;;N/A: ;Riera;pat.;;"Arroyos. gol. ""Buenaventura"" pat. Riera, 400 sa";;Buenaventura;gol.;1895_07_21;Arroyos
;;;Fead;pat.;;"-Carahatas gol. ""Tres Hermanas"" pat. Fead";;Tres Hermanas;gol.;1895_07_21;Carahatas
;;N/A:  | N/A: ;Sastre;pat.;;"-Mariel. gol. ""Altagracia"" pat. Sastre 40 cuarterolas miel 22 s. azucar.";;Altagracia;gol.;1895_07_21;
Día 3:;;N/A: ;Heydorn;cap.;;ici, cap. Heydorn, ton 2115 con carga general á M. Falk y Up: A las 3;;ici;;1895_07_24;
;;N/A: ;Ros;pat.;;-Dimas, gol. Dos Amigos, pat. Ros, 820 8. carbóa.;;Dos Amigos;gol.;1895_07_25;Dimas
;;N/A: ;Portella;pat.;;-Arroyos, gol. Amable Rosita, pat. Portella, 800;;Amable Rosita;gol.;1895_07_25;Arroyos
;;N/A: ;Enseñat;pat.;;"-Dimas, gol. María del Cármen pat. Enseñat; 560";;María del Cármen;gol.;1895_07_27;Dimas
;;N/A: ;Enseñas;pat.;;"-Manatí, gol. May orca; pat. Enseñas, 1400 varas";;May orca;gol.;1895_07_27;Manatí
;;;Inclan Ltre.;pat.;;Cabañas, gol. Rosita, pat. Inclan Ltre.;;Rosita;gol.;1895_07_27;Cabañas
Día 29:;29-01-1898;N/A:  | N/A:  | N/A:  | N/A:  | N/A:  | N/A:  | N/A:  | N/A:  | N/A:  | N/A:  | N/A: ;Ansustegui;cap.;29-01-1898;Día 29 -Charlón, vap. Alava, cap Ansustegui. 1898. farcios tabaco y efectos. Naevitas vap Julia, cap. Vaca, 1700 sacos azúcar, 42,000 plátanos y efectos. -Coog jas, gl. San Francisco, pat. Ferrer, 300 Sacos carbón. -Idem, gal. Joven Victoria, pat. Padron, 800 Ea cos carbón. Berracos, gol. María del Carmen, pat Alemany, 200 yayas y 200 polines. -Morrillo, gol. Fellz, pat. González, 177 sacos azúcar. -Cayo Romano, gol. Vianelez, pat. Lanuza, 1090. sacos carbón. 2000 caballos leña. -Cá denas, gol, Unión, pat. Mandilego, 306 barriles azúcar y efectos.;;Alava;vap.;1895_07_30;
Día 30:;;N/A:  | N/A: ;Pellicer;pat.;;Día 30: -Bahía Honda, gol. Crisálida, pat. Pellicer, 130 palos cedros, 12 pipas aguardiente. -Panta Alegre, gol. Joven Blanca, pct. Lorenzo, 120 troncos cedros, 100 caballos leña y efectos -Santa María, gol. Nuevo Hilario, pat. Pajol, 500 sacos carbón. Nuevitas, gol. San Fernando, pat. Vera, 350 reses, 101 caballos y efectos,;;Crisálida;gol.;1895_07_31;Bahía Honda
;;N/A: ;Cabaleiro;pat.;;Congojas gol. Ma Andrea, pat. Cabaleiro, 800 esacos carbón.;;Ma Andrea;gol.;1895_08_02;Congojas
;;N/A: ;Yens;pat.;;-San Cayetano, gol. Gallego, pat. Yens, 400 caballos leña.;;Gallego;gol.;1895_08_02;San Cayetano
;;;Suárez;pat.;;-Punta Alegro, gol. Unica Coyanoa, pat. Suárez,;;Unica Coyanoa;gol.;1895_08_02;Punta Alegro
;;N/A: ;Enseñat;pat.;;-Sierra Morena, gol. Emilia, pat. Enseñat, 355;;Emilia;gol.;1895_08_02;Sierra Morena
;;N/A: ;Laucenca;pat.;;-Panta Alegre, gol. Elvira, pat. Laucenca, 90;;Elvira;gol.;1895_08_02;Panta Alegre
;;;Inclán;pat.;;-Cabañas, gol. Rosita, pat. Inclán, en lastre.;;Rosita;gol.;1895_08_02;Cabañas
Día 3:;;N/A:  | N/A: ;Pojol;cap.;;Dia 3: De Guanes, vap. Praviano cap. Pojol, con 300 tercipa tabroo y efectos.;;Praviano;vap.;1895_08_04;Guanes
;;N/A: ;Yeras;pat.;;-Dimas, gol. Hermosa Guanera, pat. Yeras, 500;;Hermosa Guanera;gol.;1895_08_04;Dimas
;;;Suarez;pat.;;-Pta. Alegre, gol. Unica Coyanca, pat. Suarez,;;Unica Coyanca;gol.;1895_08_04;Pta. Alegre
Día 5:;;N/A:  | N/A:  | N/A:  | N/A:  | N/A:  | N/A:  | N/A:  | N/A:  | N/A:  | N/A:  | N/A:  | N/A: ;Ansuateguí;cap.;null;Dia 5: -Caibarión, vap, Alava, cap. Ansuateguí, 1956 tercios qabaco y efectos. fuba, vap. Manuela, cap. Ginesta, 130,000 plátanos y efectos, Nueviras, vap. Morters, cap. Viñolas, 50 reses y efectos -Cabañas, bdro. Rosita, pat. Juan, 3214 miel, 8 BACOB azúcar. -Arroyos, gol. Especulación, pat. Cardona, 200 caballos leña, 150 sacos carbón. Granadillo, gol. Segunda Rosa, pat. Forrodona, 1000 sacos carbón. Santa Cruz, gol. Joven Mannel, pat. Barrera, 200 fanegas maiz y efectos. Santa María, gol. Joven Jaime, pat. Santana, 900 sacos carbón. Nuevitas, gol. Taima, pat. Mas, 365 reses y efactos. -Cazahatat, gol. 3 Hermanas, pat. Fead, 1000 sacos azúcar.;;Alava;vap;1895_08_06;Caibarión
Día 8:;null;N/A:  | N/A: ;Abaroa;cap.;null;Dia 8: -Sagua, vap. Adela, cap. Abaroa, con 310 tercios. tabaco y efectos. -Malas Agnas, vap. Tritón, cap. Real, con 900 tercios tabacos y efectos, -Cárdenas, gol, Niña, pat. Rodriguez, 100 pipas aguardiente. -Jaruco, gol. Amado Antonio, pat. Tomás, 3 fanegas y 72 s. maiz. -Morrillo, gol. Feliz, pat. González' 330 s. azúcar Granadillo, gol. Ignacio Alemán, pat. Mir, con 600 atravesaños, 1000 tiras majagua. Dimas, gol. Ma del Carmen, pet. Enseñat, 45013 tabaco y 300 caballos leña. Cárdenas, gol. Julia, pat. Alemany, 800 barriles 600 cajas azúcar y 60 pipas aguardiente. -Jibacoa, gol. 18 de Vinaroz, pat. García, 200 caballos leña. -Congojas, gol. Joven Victoria, pat. Padrón, 800 s. carbón.;;Adela;vap.;1895_08_09;Sagua
Día 10:;;N/A: ;Pereda;cap.;;Dia 10 De Cuba va D. San Juun cap. Pereda, con 118 sacas;;D. San Juun;va;1895_08_11;Cuba
;;N/A: ;Lorenzo;pat.;;-Congojas, gol. Rosita, pat. Lorenzo, con 500 sacos carbón.;;Rosita;gol.;1895_08_11;Congojas
;;N/A: ;Mayares;pat.;;-Baracoa, gol. Fortuna. pat. Mayares, con 80,000;;Fortuna;gol.;1895_08_11;Baracoa
;;N/A:  | N/A:  | N/A: ;Vazquez;pat.;;-Nuevitas gol. Emilia, pat. Vazquez, can 40 cedros, 30 pacas carnaza y eftos.;;Emilia;gol.;1895_08_11;Nuevitas
;;;Linares;pat.;;Cárdenas, gol. Joven Leocaeia, pat. Linares,;;Joven Leocaeia;gol.;1895_08_11;Cárdenas
;;N/A: ;Ruiz;pat.;;-Bahía Honda, gol. Mercedita, pat. Ruiz, 60 piezas cedros.;;Mercedita;gol.;1895_08_14;Bahía Honda
;;N/A: ;Za agoza;pat.;;-Bajas, gol. Angelita, pat. Za agoza, 600 sacos;;Angelita;gol.;1895_08_14;Bajas
;;N/A: ;Cayuso;pat.;;Matanzas, gol. Amalia, pat. Cayuso, 66 barriles;;Amalia;gol.;1895_08_14;Matanzas
;;N/A:  | N/A: ;Vera;pat.;;-Nuevitas. gol. San Fernando, pat. Vera, 400 reBеs y efectos.;;San Fernando;gol.;1895_08_14;Nuevitas
;;N/A: ;Urame;pat.;;-Cárdenas, gol. España, pat. Urame, 80 pipas aguardiente.;España;;gol.;1895_08_14;Cárdenas
;;;Barture;pat.;;-Baracos, gol. Yara, pat. Barture, en lastre.;;Yara;gol.;1895_08_14;Baracos
;;N/A: ;Rodriguez;pat.;;-Pta. Hicacos, gol. Reglana, pat. Rodriguez, 700;;Reglana;gol.;1895_08_14;Hicacos
Día 14:;;N/A:  | N/A: ;Ventura;cap.;;Dia 14: -Cuba, vap. Ma Herrera, cap. Ventura, 1213 tabaco y efectos. -Sagua. vap. Ade's, cap. Abarroa, 26 pipas albohol, 53413 tabaco y efectos. -Arroyos, gol. Lince, pat. Román, 300 s. carbón;;Ma Herrera;vap.;1895_08_15;Cuba
;;N/A: ;Rodríguez;pat.;;y 300 yayas. -Congojas, gol. Trinidad, pat. Rodríguez, 1000B. carbón. -Berracos, gol. M del Carmen, pat. Alemany,;;Trinidad;gol.;1895_08_15;Congojas
;;N/A:  | N/A:  | N/A: ;Real;pat.;;300 polines, 150 caballos leña. -Carahatas, gol. 3 Hermanas, pat. Real, 500 sacos;;3 Hermanas;gol.;1895_08_15;Carahatas
;;N/A: ;;pat.;;azúca. -Salto. gol. Segunda Grrtrudis, pat. 1200 sacos;;Segunda Grrtrudis;gol.;1895_08_15;Salto
;;N/A: ;Ferrer;pat.;;carbón. -Idem, gol. Antonia, pat. Ferrer 1000 a. carbón;;Antonia;gol.;1895_08_15;
;;N/A: ;Román;pat.;;-Arroyos, gol. Lince, pat. Román, 300 s. carbón,;;Lince;gol.;1895_08_17;Arroyos
;;N/A: ;Padrón;pat.;;-Congojas, gol. Joven Victoria, pat. Padrón, 800;;Joven Victoria;gol.;1895_08_17;Congojas
;;N/A: ;Basaqué;pat.;;-Cárdenas, gol. Pilar, pat. Basaqué, 95 pipas aguardiente.;;Pilar;gol.;1895_08_17;Cárdenas
;;;Barreras;pat.;;-Santa Cruz, gol. Joven Manuel, pat. Barreras,;;Joven Manuel;gol.;1895_08_17;Santa Cruz
;;N/A: ;Castell;pat.;;-Gibara, gol. Gibara, pat. Castell, 300 s. azúcar,;;Gibara;gol.;1895_08_17;Gibara
;;N/A: ;González;pat.;;-Morrillo, gol. Feliz, pat. González, 216 8. azúcar;;Feliz;gol.;1895_08_17;Morrillo
;;N/A: ;Inclán;pat.;;-Cabañas, gol. Rosita, pat. Inclán, 50 bocoyes;;Rosita;gol.;1895_08_17;Cabañas
;;N/A: ;Guiet;pat.;;-Juan López, gol. 3 Hermanas, pat. Guiet, 45 q.;;3 Hermanas;gol.;1895_08_17;
Día 17:;;N/A: ;Amengual;pat.;;Dia 17: -B jis. gol. Angelita, pat. Amengual, 800 sacos cabón. -Santa María, gol. Vicenta, pat. Esteba, 277 sacos carbón, 200 caballos leña. -Grenadillo, gul. Joven Felipa, pat. Cabres 2000 carbón. -Banes, gol. Josefa, pat. Gil, en lastr;;Angelita;gol.;1895_08_18;
Día 19:;;N/A:  | N/A:  | N/A:  | N/A:  | N/A:  | N/A:  | N/A:  | N/A:  | N/A:  | N/A:  | N/A: ;Vaca;cap.;;Dia 19: -Cuba, vap Jalia, cap Vaca, 511 reses, 48,3 tabace, 482 sacos maíz y efectos. -Caibarión, vap. Alava, cap. Ansuntegni, 20 pipas aguardiente, 118513 tabaco y efectos. -Corgejas, gol. Amalia, pat. Durán, 500 sa 05 carbón. -Punta Alegre, gl. Almansa, pat. Menaya, 63.3 tabaco, 150 cedros y efactos -Matanzas, gol. Dos Hermanoa, pat. Esteban 48 esscoa agardiente. Dim s gol Juan Toraya, pat, Valent. 527 3 ta bao, 435 cabalos leña.;;Jalia;vap;1895_08_20;
;;N/A:  | N/A:  | N/A:  | N/A:  | N/A:  | N/A: ;Orbsy;pat.;;niata, gol. Paquete de Nuevitas, pat. Orbsy, 200 cabalias teñs. 200 vares madera. -Cárdenas, gol. Niña, pat. Kodriguez, 100 pipas aguardiente. -Parts IIicucos, gol. R glana pat. Castiñ iro 750 Sacos sal. -Sierra Morena, gol. Soffs, pat. Enseñat, F00 sacos azúcar. -Idom. gol. Ma'ilde, pa Alemany, 700 s. azúcar.;;Paquete de Nuevitas;gol.;1895_08_20;
Día 21:;;N/A:  | N/A:  | N/A:  | N/A:  | N/A:  | N/A: ;;;;Dia 21: Sagua, vap. Ade's, cap. González, 613,3 tabaco, 40 pipas alcohol y efectos. Gibara, gol. Cosme Herrera, cap. Sansón, 60000 plátanes, 300 reses y efectos. Malas Agaas, vap. Tiiton, cap. Real, 1030 3 tabaco y efectos. San Cayetano, gol. Gallego, pat. Yens, 600 sacos cartón.;;;;1895_08_22;
Dia 23:;;N/A:  | N/A: ;Pujol;cap.;;Dia 23: Guanes, vap. Praviano, cap. Pujol, 500,3 tabaco y efectos. -Dimas, gol. Dos Amigos, pat. Ros, 800 sacos;;Praviano;vap.;1895_08_24;Guanes
;;N/A:  | N/A:  | N/A:  | N/A:  | N/A:  | N/A:  | N/A:  | N/A:  | N/A:  | N/A:  | N/A: ;Enseñat;pat.;;carbón. -Sierra Morena, gol. Emilia, pat. Enseñat, 400 sacos azúcar. -Cárdenas, gol Pilar, pat. Basaugui, 70 pipas aguardiente, 20 id. alcohol. Idem, gel. Niñs, pat Perdomo, 90 pipas eguardiente -Nuevitas, gol. San Fernando. pat. Vera, 11 csballos y mules. 455 reses y efactos. -Sagua, gol. Joven Marcelino, pat Fapino, 1000 Bacos carbón. -Dimas, gol. Candits, pat. Terradas, 1000 sacos carbón. -Cabañas, gol. Rosita, pat. Inclán, 5000 ladrillos -Punta de San Juan, gol. José Riera, patrón;;Emilia;gol.;1895_08_24;
;;N/A:  | N/A: ;Alemany;pat.;;Riera, 800 sacos carbón. -Granadillo, gol. Aguila, pat. Alemany, 800 polines.;;Aguila;gol.;1895_08_24;Granadillo
Día 26:;;N/A:  | N/A:  | N/A:  | N/A:  | N/A:  | N/A:  | N/A:  | N/A: ;Surfs;pat.;;Dia 26: -Gibara, gol. Alejandro Bolívas, pat Surfs, 606 Bacoa maiz, 20 000 plátanos y efecto. -Dimas, gol. María del Carmen, pat. Enseñat, 400 eaballos leña, 2013 tabaco y efect s. -Pta Hicacoa, gol. Reglana pat. Cast ñeiro, 700 sacos sal. Morrillo, gol. Feliz, pat. González, 60,4 miel, 1200 tendidos sega de majagua. -Sierra Morena, gol. María Teresa, pat Juan 400 83coa azúcar.;;Alejandro Bolívas;gol.;1895_08_27;Gibara
Día 2:;;N/A:  | N/A:  | N/A:  | N/A:  | N/A: ;;;;Dia 2: Malas Aguas, vap Tritón, cap Vega, 1250 3 tabaco y efectos. -Caibarión. vap Alava, cap Ansustegui, 20693 tabaco. 20 pipas agdardianto y efectos. -P.a Alegre, gol. Sociedad pal. Carman, 51 ce dros. -Sagan, vap. Adela. cap. Sanson, 277,3 tabaco, 50 pipas alcohol y fec103.;;;;1895_08_29;
Día 2:;;N/A: ;Lanceira;pat.;;Dia 2: -Parta Alegre, gol. Elvira. pat. Lanceira, 800;;Elvira;gol.;1895_09_03;Parta Alegre
;;N/A:  | N/A:  | N/A:  | N/A: ;Sánchez;pat.;;dedros, 20 caballos leña y efectos. -Puerto Padre, got. Paquete de Sagua, pat. Sánchez, 74 cedros, 170 hilos majagua y efectos. -Cabañas, gol. Res is, pat. Inclán en lastre.;;Paquete de Sagua;got.;1895_09_03;Puerto Padre
;;N/A: ;Mateu;pat.;;Margaritas, gol. Esmeralda, pat. Mateu, 1200;;Esmeralda;gol.;1895_09_03;Margaritas
Día 3:;;N/A:  | N/A:  | N/A:  | N/A:  | N/A:  | N/A:  | N/A:  | N/A:  | N/A:  | N/A: ;;;;Día 3: -Caibarién, vap. Alava, cap. Asnategui, 2824,3 tabaco y efectos. -Nuavitas, vsp. San Juan, cap. Pereda, 116 reses y efectos. -Idem, vap. Julia, 6 sscos cacao y efectos. -Gibara, gel. Moralidad, pat. Suso, 41 carneros, 23,000 plátanos, 753 sacos maíz y efectos. -Pta. de San Juan, gol. Segunda Rosa, pat. Fonrodoua, 1000 sacos carbón. amen Jarnco, gol. Amado Antonio, pat. Tomás, en lastre. -Cárdenas. gol. Unión, pat. Madilego. 650 bles y 800 ajitas azúcar. -Sierra goi Tres Hermanas, pat. Enseñat, 650 sacos darbón.;;;;1895_09_04;
Día 6:;;N/A:  | N/A:  | N/A:  | N/A: ;Planells;cap.;;Día 6: Arroyos, vap. Praviano, cap. Planells, 1100,3 tabaco. Mariel, gol. María Magdalena, pat. Marantos,;;Praviano;vap.;1895_09_07;Arroyos
;;;Ferrer;pat.;;en lastre. Playas de San Jaan, gol. Antonia, pat. Ferrer,;;Antonia;gol.;1895_09_07;Playas de San Jaan
;;N/A:  | N/A:  | N/A:  | N/A:  | N/A:  | N/A:  | N/A:  | N/A:  | N/A:  | N/A:  | N/A: ;;;;1000 sacos carbón. -Idem, gol. Rita Fortuna, pat. Ferrer, 1000 sacos carbón. -Sta. Maria, gol. Margarita, pas. Bovjuan, 7000 8 cos carbón. Cabañas, gol. Rosita, pat. Inclán, 11113 tabaco -Matanzas, gol. Amalia, pat Cayuso, 100 pipas aguardiente. Bio Blanco, gol. Isabelita. pst. Villalonga, 60 piezas madera, 27 camas carrets. -Cerahatan, gol. Tres Hermanas, pat. Leal, 210 Facos azúcar. -Naevitas, gol. San Fernando, pat. Vera, 158 reaes y 71 caballos.;;;;1895_09_07;
;;N/A: ;Alemany;pat.;;-S. Morena, gol. Matilde, pat. Alemany, con 170;;Matilde;gol.;1895_09_10;S. Morena
Día 11:;;N/A:  | N/A:  | N/A:  | N/A:  | N/A:  | N/A:  | N/A:  | N/A:  | N/A:  | N/A:  | N/A:  | N/A:  | N/A:  | N/A: ;;;;Día 11: Caibarión, vap. Alava, cap. Ansustegui, 80123 tabaco y efectos. -Sagua, vap. Adela, cap. Alvaroa, 59,3 tabaco y efectos. -Malas Aguas, vap. Tritón, pat. Vega, 100013 tabaco y efectos. -Cabañas, gol. Rosita, pat. Juan, 30 cuarterolas miel. Congojas, gol. Rosita, pat. Durán, 500 sacos carbón. -Gibara, gol. Expreso de Gibara, pat. Esterellas, 1091 sacos maiz, 400 caballos leña y efectos. -Nuevitas, gol. Tinima, pat. Mas, 419 reses, 66,3 tabaco y efectos. -Júcaro, gol. Margarita, pat. Calzada, 1700 paquetes tablillas, 500 camones, 490 tablones cedro y efectos. -Pant a de San Juan, gol. Trinidad, pat. Rodriguez, 700 sacos carbón. -Banes, gol. Josefa, pat. Gil, en lastre.;;;;1895_09_12;
;;N/A: ;Román;pat.;;Arroxos, gol. Lines, pat. Román, 600 sacos carbón.;;Lines;gol.;1895_09_14;Arroxos
;;N/A: ;Prats;pat.;;-Idem, gol. 2 Hermanas, pat. Prats, 900 sacos;;2 Hermanas;gol.;1895_09_14;
;;N/A:  | N/A:  | N/A: ;B.sbal;pat.;;-Manzanillo, gol. Ramona, pat. B.sbal, 1016 paJaquetes tablillas, 80 tablas y tablones cedro, 300;;Ramona;gol.;1895_09_14;Manzanillo
;;;Vallés;pat.;;-Punta Alegre, gol. Bella Catalina, pat. Vallés,;;Bella Catalina;gol.;1895_09_14;Punta Alegre
;;N/A: ;Fead;pat.;;Carahatas, gol. Teresita, pat. Fead, 98 bultos;;Teresita;gol.;1895_09_14;Carahatas
;;N/A: ;Cardons;pat.;;100 carbón. Santa María, gol. Eapeculación, pat. Cardons,;;Eapeculación;gol.;1895_09_15;
;;N/A:  | N/A: ;González;pat.;;400. carbón. -Morrillo, gol. Enriqne, pat. González, 1000 sogas majagus, 21 fanegas maiz y efectos. Gusdillo, gol. Ignacio Alemáu, pat. Pajol, 700 atravesaños 800 pies maderas. -Cárdenas, gol. Yamurf, pat. Palau, con efectos.;;Enriqne;gol.;1895_09_15;
Día 17:;;N/A:  | N/A:  | N/A:  | N/A:  | N/A:  | N/A:  | N/A:  | N/A:  | N/A:  | N/A:  | N/A:  | N/A: ;Ansaategal;cap.;;Día 17: -Cárdenas, vap. Alava, cap. Ansaategal, 1000[3 tabaco y efectos -Mariel, gol. María Magdalena, pat. Marantes, en lastre. -Congojas, gol. Amalia, pat. Lorenzo, 50 sacos carbón. -Bajas, gol. Angelita, pat. Zaragoza, 640 s2008 carbón. Nuevitas, vap. María Herrera. cap. Ventura, 406 reses, 183 bestias, 447 sacos maiz y efectes. Cárdenas, gol. Angelita, pat. Cueves, 200 sacos, 590 barriles y 600 c. azúcar. Jaruco, gol. Amado Antonio, pat. Tomás, 4000 ladrillos. -Nuevitas, gol. San Fernando, pat. Vera, 574 reees, 17 caballos y efectos -Cabañas, gol. Rosita, pat. Inclán, 50 sacos azúcar, 1313 tabaco y efectos Grenadilo, gol. Joven Felipe, pst. Alemañу, 2000 васов carbon. Matanzas, gol. Dos Hermanas, pat. Enseñat, 50 pipas aguardiente. La Fé, gol. María dei Carmen, pat. Enseñat, 830 3 tabaco y 400 caballos leña. -Cárdenas, gol. Niña, pat. Asteguisa, 100 pipas sguardiente. -Cárdenas, gol. Isla de Cuba, pat. Zaragoza, 600 bles. y 600 cajas azúcar.;;Alava;vap.;1895_09_18;Cárdenas
Día 19:;;N/A:  | N/A:  | N/A: ;González;cap.;;Día 19: De Sagua vap. Adela, cap. González, con 300 tecios tabaco, 40 pipas alcohol, y efectos;;Adela;vap.;1895_09_20;Sagua
;;N/A: ;Bosch;pat.;;Nuevitas gol. Cárdeues, pat. Bosch, 420 reses y;;Cárdeues;gol.;1895_09_20;Nuevitas
;;N/A: ;Visquerra;pat.;;Nuevitas gol. Enma, pat. Visquerra, 210 rases y;;Enma;gol.;1895_09_20;Nuevitas
;;;Maya;pat.;;-Pta. San Juan gol. 2 Gertrudis. pat. Maya,;;2 Gertrudis;gol.;1895_09_20;Pta. San Juan
;;;Juan;pat.;;-S. Morena gol. M. Tresa, pat. Juan, en lastre.;;M. Tresa;gol.;1895_09_20;
;;N/A:  | N/A:  | N/A:  | N/A:  | N/A:  | N/A:  | N/A:  | N/A:  | N/A:  | N/A:  | N/A: ;Mas;pat.;;450 reses, 31 -Nuevitas, gol. Tínima, pat. Mas,  450 reses , bocoyes miel y efectos. -Cárdenas, gol. Julia, pat. Alemany, 360 barriles, 550 cajitas y 70 sacos azúcar. -Dimas, gol. Juan Torays, pat. Valent, 365,3 tabaco y 500 caballos leña. -Cabañas, gol. Joven Pilar, pat. Freixas en lastre. -Carahatas, gol. Tres Hermanas, pat. Fead, 1213 tabaco y efector. Cárdenas, gol. Yumurí, pat. Palau, 11a s. maiz, 25 pipas aguardiente y efectos. Granadillo, gol. Joven Marcelino, pat. Espino, S&COS carbón.;;Tínima;gol.;1895_09_25;Nuevitas
Día 29:;null;N/A:  | N/A: ;Vega;cap.;null;Dia 29. Malas Agnas, vap. Triton, cap. Vega, 70013 tabaco y efec:08. -Sagna, vap. Adols, cap. Gonzi ez 198713 tabaco y efectos. -Dimas, gol. Dos Amigos, pat. Ros, 800 Ecos es bou. -Mariel, gol. Maria Magdalena, pat. Marantos, 30 quistales cobre viejo y efectos. -Bajas gol. Carmita, pat. Armengel, 800 saces carbón. Nuevitas, gol Emilia, pat. Vázquez, 12! palos cadro. -Mariol, gol. Altagracia, pat. Sastre, 60 saces azúcar y efectos.;null;Triton;vap.;1895_09_27;null
Día 2:;null;N/A:  | N/A:  | N/A:  | N/A:  | N/A:  | N/A:  | N/A:  | N/A:  | N/A:  | N/A:  | N/A:  | N/A:  | N/A:  | N/A:  | N/A: ;Añsuategui;cap.;null;Dia 2: -Caiharién, vap. esp. Alava, cap. Añsuategui, 3496,3 tabaco y efectos. -Sagua, vap Cosm³ Herrera, cap. Sanson, 3000,3 tabaco y efectos. -Gibara, vap. Avilés, cap. García, en lastre. Congojas, gol. Maria Andrea, pat. Cabaleiro, 800 sacos carbón. -Cárdenas, gol, Pilar, pat. Basaugui, 80 pipas aguardiente. -I lem. gol. Niña, pat. Asteguia, con 100 pipas aguardiente. -S. Morena, gol Sofia, pat. Enseñat, 300 atravesaños, 5800 pies madera. -P. Alegre, gol. Almansa, pat. Menзja, 120 palos cedro. Punta Alegre, Fol. Rito Fortuna, pat. Riera, 100 sacos carlón. Sagna, vap. Adel, cap. Gouzález, 1159 3 tabaco 120 pipas aguardiente y efectos.;esp.;Alava;vap.;1895_10_03;Caiharién
;;N/A:  | N/A:  | N/A:  | N/A:  | N/A:  | N/A:  | N/A:  | N/A: ;Ginesta;cap.;;Dis 4: -ubs, vap. Mantela, cap. Ginesta, 139 reses, 36 caco café y efectos. -B. Honda, vap. Tritón, cap Vega, 26,3 tabaco y efectos. -Cardenns, gol. Agulla de Oro, pat Cantero, 300 cajas, 300 barriles azúcar y efectos. -Cabañas, gol. Roai a, pat. Juan, en lastre. -Cardenas, gol. Isla de Cuba, pat. Z rug 2a, 180 pipas aguardiente y efectos. S. Morena, gol. Tres Hermanae, pat. Alemany;;Mantela;vap.;1895_10_06;
;;N/A:  | N/A: ;Menaya;pat.;;800 sacos carbón. -Iaem, gol. Hab. nera, pat. Menaya, 700 e. carbón;;Hab. nera;gol.;1895_10_06;Iaem
Día 8:;;N/A:  | N/A:  | N/A:  | N/A:  | N/A:  | N/A:  | N/A:  | N/A:  | N/A:  | N/A: ;;;;Día 8: -Caibarién, vap. Alava, cap. Puig, 40103 tabaco y efectos. -Punta Alegre, gol. Elvira, pat. Laucerics, 102 palos cedro. -S. Morena, gol. Enriqueta, pat. Villalonga, 650 saco carbón. -Rio Blanco, gol. Isabelita, pat. Planas, 22 cerdoa. -Matanzas, gol. Amalia, pat. Cay use, 200 bocoyes, 122 y 4014 aguardiente, 150 sacos azúcar y efectos. -Mulata, gol. Mercedita, paq. Planas, 22 cerdos.;;;;1895_10_09;
Día 11:;;;Marantes;pat.;;Día 11: -Mariel, gol. María Magdalena, pat. Marantes. -Cabañas, gol. Rosita. pat. Juan. ACárdenas, gol. Angelita, pat, Cuevasi;;María Magdalena;gol.;1895_10_12;Mariel
;;;Juan;pat.;;-S. Morena, gol. María Teresa, pat. Juan.;;María Teresa;gol.;1895_10_16;
;;;Asteguía;pat.;;-Cárdenas, gol. Niña, pat. Asteguía,;;Niña;gol.;1895_10_16;Cárdenas
;;;Pagés;cap.;;Montivedeo, berg. esp. Paratons. cap. Pagés,;esp.;Paratons;berg.;1895_10_16;Montivedeo
;;;Casanova;cap.;;Montevideo, berg. eap. Lorenzo, cap. Casanova,;;Lorenzo;berg.;1895_10_16;Montevideo
Día 18:;null;N/A:  | N/A:  | N/A:  | N/A:  | N/A:  | N/A:  | N/A:  | N/A:  | N/A: ;González;cap.;null;Dia 18 -Caiberién, vap. Adela, cap González, 939 3 tabaco y efectos. -Sagua, v p. San Juan, eap. Pereda, 60 pipse al cohol, 1000 3 tabaco v efectos. -Nuevitas, gol San Fernando, pat. Vers, 470 re ses, 42 callos y efectos P. de San Juan, gol. Antonis, pat. Ferrer, 800 sacos carbón. Punta Alegre, gol. Balla Catalina, pat. Vallés, 175 cedros.;;Adela;vap.;1895_10_19;Caiberién
Día 19:;;N/A:  | N/A:  | N/A:  | N/A:  | N/A:  | N/A: ;Sauson;cap.;;Día 19: -Nuavitaa, vap. Co:m Herrera, cap. Sauson, 191 reзes, 515 sacos café y efectos. -Nuevitas, gol. Cárdenas, pat. Belga, 400 ra es, 16 caballos y efectos. Cárdenas, gol. Purisima Concepción, pat. Perrer 1800 cajitas, 400 b es azúcar y efectos.;;Co:m;vap.;1895_10_20;Nuavitaa
Día 24:;;N/A:  | N/A:  | N/A:  | N/A: ;Puig;cap.;;Día 24: -Caibariér, vap. Alava, cap. Puig, 353713 tabaco, y efectos. Matanzae, gol. María Josefs, pat. Calafell, 381 Racos y 0 ble. ascar y efectos. Jaruco. gol. Paquete de Jaruco, pat. Porcel, 50засов зайсаr.;;Alava;vap.;1895_10_25;Caibariér
Día 26:;;N/A:  | N/A:  | N/A: ;Mayans;pat.;;Día 26: -Baracoa, gol Fortuna, pat. Mayans, 130 palos maderas, 20,000 cocos y efectos. Jaruco, gol. Amado Antonio, pat. Tomás, en lastra -Sta. Cruz, gol. Joven Manuel, pat. Barrera, en lastre.;;Fortuna;gol.;1895_10_27;Baracoa
;;;Marantes;pat.;;-Mariel, gol. María Magdalena, pat. Marantes.;;María Magdalena;gol.;1895_10_29;
;;N/A: ;Mas;pat.;;45 s. iana y efectos. 50 -Nuevitas, gol. Tínima, pat. Mas, 400 reses, y Defectos.;;Tínima;gol.;1895_10_29;Nuevitas
;;N/A: ;Riera;pat.;;Dimas, gol. Carmita, pat. Riera, 269,3 tabaco y;;Carmita;gol.;1895_10_29;
;;N/A:  | N/A:  | N/A: ;Enseñat;pat.;;-S. Morens, gol. Sofía, pat. Enseñat, 131 sacos Hazúcer, 400 atravesaños y efectos. V;;Sofía;gol.;1895_10_29;S. Morens
Día 29:;;N/A:  | N/A: ;Puig;cap.;;Dia 29: il tips. noutoma -Caibariéa, vap. Alava, cap. Puig, 237313 tabaco, y efectos. Malas Agans, vap. Tritón, cap. Vegs, 195913 tsbaco y efectos. -Nuevitas, gol. Aguila, pat Aiemany, 1090 caballos leñs. -Cárdenas, gol. Pilar, pat. Basangui, 90 pipas Aguardiente. -Cabañas, gol Rosita, pat. Inclán, 11,3 tabaco. -Mantua, gol. Hermosa Guanera, pat. Yeru, 200.3 tabaco, 120 sacos azúcar y efectos. Dimas, gol. Dos Amigos, pat. Ros, 800 8. carbón. -Arroyos, gol. Mercedita, pat. Valderas, 1000 eacos carbón. -Morrillo, gol. Eneri, pat. Hernández, 80 caballos leña y 50 yugos.;;Alava;vap.;1895_10_30;Caibariéa
;;N/A: ;Zaragoza;pat.;;-Cárdenas, gol. Isla de Cuba, pat. Zaragoza 2500;;Isla de Cuba;gol.;1895_10_31;Cárdenas
;;;Bernaza;pat.;;-Puerto Padre, gol. 3 Hermanas, pat. Bernaza,;;3 Hermanas;gol.;1895_10_31;Puerto Padre
;;N/A: ;Morales;pat.;;Nagua, gol. Esperanza, pat. Morales, 100 estacas;;Esperanza;gol.;1895_10_31;Nagua
Día 4:;;N/A:  | N/A:  | N/A:  | N/A:  | N/A: ;;;;Día 4: -Caibarién, vsp. Alava, cap. Puig, 237313 tabaco. y efectos. -Cuba, vap. Manuela, cap Ventura, 120 reses, 130 4 ron y efectos. -San Cayetano, gol. Esmeralda. pat. Maten, 1600 Bacos carbón, 200 caballos de lñ. -Punta Alegre, gol. Joven Magdalena, pat. Palmer, 80 palos madera;;;;1895_11_05;
;;;Freixas;pat.;;"-Cárdenas, gol. Joven Pilar, pat. Freixas; con";;Joven Pilar;gol.;1895_11_07;Cárdenas
;;N/A: ;Mandilego;pat.;;"Cárdenas, gol. Unión, pat. Mandilego; con 350";;Unión;gol.;1895_11_07;Cárdenas
;;N/A: ;Astoguia;pat.;;"-Cárdenas, gol. N.ña, pat. Astoguia; con 80 pipas";;N.ña;gol.;1895_11_07;Cárdenas
;;;Sastre;pat.;;"Mariei, gol. Alte gracia, pat. Sastre; en lastre.";;Alte gracia;gol.;1895_11_07;
;;N/A: ;AlemañƑ;pat.;;"-Cárdenas. gol. Julia, pat. AlemañƑ; con 1,200";;Julia;gol.;1895_11_07;Cárdenas
Día 7:;;N/A:  | N/A:  | N/A:  | N/A:  | N/A:  | N/A: ;Pereda;cap.;;Dia 7: -Nuevitas, vap. San Juan, cap. Pereda, 60 reses. Jaruco, gol. Amado Antonio, pat. Tomás, en lastre Cabañas, gol. Rosita, pat. Inclán, 60,3 tabaco. -Jaruco, gol. Paquete de Jaruco, pat. Porcel, 50 sacos carbón. -Carahatas, gol. 3 Hermanos, pat. Fead, 100 bocoyes miel. Nuevitas, gol. Tínima, pat. Mas, 500 reses. -Sagua, gol. América, pat. Padrón, 800 sacos carbón. 9 al;;San Juan;vap.;1895_11_08;Nuevitas
;;;Santans;pat.;;-Santa María, gol. Joven Jaime, pat. Santans,;;Joven Jaime;gol.;1895_11_10;
;;N/A: ;Benejan;pat.;;-Santa María, gol. Margarita, pat. Benejan, 700;;Margarita;gol.;1895_11_10;
;;N/A: ;Juan;pat.;;8. carbón. --S. Morena, gol. gol. Ma Teresa, pat. Juan, 200;;Ma Teresa;gol.;1895_11_10;S. Morena
;;;Perrer;pat.;;-Cárdenas, gol. Parisima Concepción, pat. Perrer;;Parisima;gol.;1895_11_10;Cárdenas
;;N/A:  | N/A:  | N/A: ;Pellicer;pat.;;2500 ajitas, 450 b es azúcar y efactos. --B. Honda, gol. Crisálida, pat. Pellicer, 100 palos;;Crisálida;gol.;1895_11_10;B. Honda
Día 11:;;N/A:  | N/A:  | N/A:  | N/A:  | N/A:  | N/A:  | N/A:  | N/A:  | N/A: ;;;;"Dia 11: -Guane, vap. Praviano, cap. Planell, 300,3 tabaco y efectos, -Cuba, vap. Avilés, oap. García, cueros salados efectos. Mantua, gol. Hermosa Guanera, pat. Yeru, 400,3 tabaco, y efsetos. -Caibauién, vap. Alava, cap. Puig; 662,3 tabaco y efectos. -Arroyos, gol. Amable Rosita, pat. Portells, 800 sacos carbón. -San Cayetano, gol. Vicenta, pat. Esteba, 700 Bаcos carbón.";;;;1895_11_12;
Día 12:;;N/A:  | N/A:  | N/A:  | N/A: ;Rigó;pat.;;Dia 12: -Arroyos, gol. Condor, pat. Rigó, 500 sac. carbou. y efectos. -S. Morena, gol. Soffa, pat. Enseñat, 16 piezas madera. -Gibara, gol. Expreso de Gibara, pat. Esterellas, 300 atravesaños, 273 ascos maiz y efectos.;;Condor;gol.;1895_11_13;Arroyos
;;N/A:  | N/A:  | N/A:  | N/A:  | N/A:  | N/A: ;;;;Cárdenas, gol Elvira, pat. Laucerica, 60 estacas 3000 pies madera. -Berracos, gol. Caballo Marino, pat. Alemañy, 17 tercios tabaco, 50 piezas madera y ofectos. -Naovitas, gol Ignacio Alemán, pat. Pajol, 1300 BACOs carbón. Matanzas, gol. Dos Hermanas, pat. Esteba, 71 Bacos carbón.;;;;1895_11_13;
;;N/A:  | N/A: ;Vera;pat.;;Nuevites, gol. San Fernando, pat. Vera, 500 reses, y efectos.;;San Fernando;gol.;1895_11_14;Nuevites
;;;Marantetes;pat.;;-Marie, gol. María Magdalens, pat. Marantetes,;;María Magdalens;gol.;1895_11_14;
;;N/A:  | N/A: ;Oantero;pat.;;en lastre. -Cárdenas, gol. Agaila de Oro. pat. Oantero, patrón Cantero, 200 q. hierro y efectos. --Banes, gol. 21 abeles, pat. Gil, en lestre.;;Agaila de Oro;gol.;1895_11_14;Cárdenas
Día 19:;;N/A:  | N/A:  | N/A:  | N/A:  | N/A:  | N/A: ;;;;Dia 19: -Nuevites, lanchón Tínima, pat. Mas, 560 reses y efectos. -Mariel, gol. Altagracia, pat. Sastre, en lastre. -Dimas, gol. Ma del Carmen, pat. Valent, 13013 tabaco y efectos. -Cárdenas, lancha Pilar, pat. Echarf, 00 pipas aguardiente. -Cárdenas, lancha Noua, pat. Alegría, 90 pipas;;;;1895_11_20;
Día 20:;;N/A:  | N/A:  | N/A:  | N/A:  | N/A: ;Planell;cap.;;Dia 20: nob -Arroyos, vap. Praviano, cap. Planell, con 320,3 tabaco. -Arroyos, gol. Hermosa Guanera, pat. Pujol, 20 q cáscara de mangle. -Cárdenas, gol. Isla de Caba, pat. Zaragoza, 1700 cajitas azúcar, 200 bocoyes azúcar, 48 pipas aguardiente.;;Praviano;vap.;1895_11_21;Arroyos
Dia 22:;;N/A:  | N/A:  | N/A:  | N/A: ;Fead;pat.;;Dia 22: -Carahatas, gol. 3 Hermanas. pat. Fead, 50 bocoyes miel. Nuevitas, vap. San Juan, cap. Pereda, 300 reses y efectos. -Bahia Honda, vap. Tritón, cap. Vega, 350,3 tabaco. -Sagua, vap. Adela, cap. García, 250,3 tabaco.;;3 Hermanas;gol.;1895_11_23;Carahatas
Día 25:;;N/A:  | N/A:  | N/A:  | N/A: ;Vera;pat.;;Dia 25: 810 -Nuevitas, gol. San Fernando, pat. Vera, 400 re805. -Nuevitas, gol. Emilia, pat. Vázquez, 350 cueros, y 70 reses. Caibarién, gol. Sofia, pat. Colomor, 380 reses y;;San Fernando;gol.;1895_11_26;Nuevitas
;;N/A: ;Menaya;pat.;;80 palos. -Punta Alegre, gol. Almansa, pat. Menaya, 150;;Almansa;gol.;1895_11_26;Punta Alegre
;;N/A:  | N/A: ;Cabaleiro;pat.;;cedros y 40 caobas. -Congojas, gol. María Andrea, pat. Cabaleiro,;;María Andrea;gol.;1895_11_26;Congojas
;;N/A:  | N/A:  | N/A: ;Enseñat;pat.;;aguardiente. -S. Morena, gol. Sofía, pat. Enseñat, 50 palos -S. Morena, gol. Ma Teresa, pat Juan, 120 rases -Sagua, gol. Natalia, pat. Baldó, 46 estacas.;;Sofía;gol.;1895_11_26;S. Morena
;;N/A:  | N/A:  | N/A:  | N/A:  | N/A:  | N/A: ;;;;car 100 caballos leña. -Jaimanitas, gol. Salve Virgen Marís, pat. Barce16 en lastre. -Cárdenas, gol. Unión, pat. Mandilego, 1500 sacos Bal. Cabañas, gol. Rosita, pat. Inclán, en lastre. -Sagus, gol. Merta Ceferina, pat. Virret, 300 vaTas malera. Morrillo. gol. J. Marcelino, pat. Espino, 300 caballos leña. -Sagua, gol. Esperanza, pat. Morales, 300 varas;;;;1895_11_27;
;;N/A:  | N/A: ;Piá;pat.;;Mulata, gol. Mercedita, pat. Piá, 490 hilos majagua, 9 cadroa.;;Mercedita;gol.;1895_11_29;
;;N/A:  | N/A: ;Blanco;pat.;;"Sagua, gol. J. Magdalena; pat. Blanco, 45 estaestecas y 5,000 pies madera.";;J. Magdalena;gol.;1895_11_29;Sagua
;;N/A:  | N/A:  | N/A:  | N/A: ;Ferrer;pt.;;guardiente Cárdenas. gol. Purísima Concepción, pt Ferrer 800 bles. azúcar. -Nuevitas, gol. Tínima, pat. Mas, 230 reses, 25 btos. sebo y efectos.;;Purísima Concepción;gol.;1895_12_01;Cárdenas
Día S:;;N/A:  | N/A:  | N/A:  | N/A:  | N/A:  | N/A:  | N/A: ;Pug;cap.;;Dia S: Cibari, vap ep. Alava, cap. Pug. con 80 tabaco. Mantua, vap. Praviano, cap Flanell 40013 tabaco. Arroves. gol Lince, pet Román, 800 taros carb6. 90 q. m ugle. -Santa María, gol. Especulación, pat. Cardona, 600 carbón. -D.mas, gol. Juan Torays, pat Valent, 600 3 tabsco -Cacahatas, gol. 3 Harmanas, pat. Feal, 30 bocoyes miel. -Cabujas, gol. America, pat. Padrón, 800 sacos carbón Santa Cruz, gol. 18 de Vinaraz, pat Soriano, 0 cerdos.;;Alava;vap;1895_12_04;
;;N/A: ;Cabrujo;pat.;;Bajas, gol. Josefa, pat. Cabrujo, 800 s. carbón.;;Josefa;gol.;1895_12_05;Bajas
;;N/A: ;Ros;pat.;;Dimas, gol. Dos Amigos, pat. Ros, 800 s. carbén;;Dos Amigos;gol.;1895_12_05;
;;;Sánchez;pat.;;-Manatí, gol. Paquete de Sagua, pat. Sánchez,;;Paquete;gol.;1895_12_05;Sagua
Día 6:;;N/A:  | N/A: ;;pat.;;Dia 6: one clox BD BA -B. Honda, gol. Crisálida, pat. 150 piezae madera -Santa Maria, gol Paqueta de Nuevitas, pat. Orbay, can hatera. Cibafine, gol Rosita, pat. Inclán, en lastre. -Cárdenas, gol J. Pilar. pat. Freixas, 180 pipas aguardiente.;;Crisálida;gol.;1895_12_07;Santa Maria
Día 7:;;N/A:  | N/A:  | N/A:  | N/A: ;Bonet;pt.;;Dia 7: Jarnoo, gol. Carmita. pt. Bonet. 100 eacos carbón, 291 sacos maiz. 20 pipas aguardiente. Jarne, gol. Pte. de Jarnce, pat.. 200 a. carbón.;;Carmita;gol.;1895_12_08;
Día 9:;;N/A: ;Asloguir;pat.;;"Dia 9: De Cárdenas, lancha Niña, pat. Asloguir; con 90 pipas aguardiefite.";;Niña;lancha;1895_12_10;Cárdenas
;;N/A: ;Lancero;pat.;;"-Cá denas, gol. Elvira, pat. Lancero; con 100";;Elvira;gol.;1895_12_10;Cá denas
;;N/A: ;Easeñat;pat.;;-Mantua, gol. M. del Carmen, pat. Easeñat, 400;;M. del Carmen;gol.;1895_12_10;Mantua
;;N/A: ;Juan;pat.;;-Cabañas, gol. Rosita. pat. Juan, 14:3 miel.;;Rosita;gol.;1895_12_10;Cabañas
;;N/A: ;Borrer;pat.;;-Sta, Cruz, gol. Joven Manuel, pat. Borrer, 70;;Joven Manuel;gol.;1895_12_10;Cruz
;;N/A: ;Alemany;pat.;;-Cárdenas, gol. Jalio, pat. Alemany: con 150;;Jalio;gol.;1895_12_21;Cárdenas
Día 01:;;N/A: ;Cayuso;pat.;;-Matanzas, gol. Amalia, pat. Cayuso: con 50 pipas aguardiente.;;Amalia;gol.;1895_12_21;Matanzas
;;;Alemany;pat.;;Sierra Morena, gol. Matilde, pat. Alemany: con;;Matilde;gol.;1895_12_21;
;;N/A: ;Calzada;pat.;;-Ciel fuegos. Margarita pat. Calzada con 51000;;Margarita;fuegos.;1895_12_24;
;;N/A: ;Inclan;pat.;;-Cabañas, Ro ita, pat. Inclan. con Lastre.;;Ro;ita;1895_12_24;Cabañas
;;N/A: ;Puig;cap.;;Caibalién vap. Alava, cap. Puig con 747 terctos;;Alava;vap.;1895_12_24;Caibalién
Día 26:;;N/A: ;Pujol;pat.;;Dia 26 De Cienfuegos, gol. Pensativo, pat. Pujol: con 999;;Pensativo;gol.;1895_12_27;Cienfuegos
;;N/A: ;Calvé;pat.;;Sierra Morena, gol. Emilia, pat. Calvé: con 166;;Emilia;gol.;1895_12_27;
;;;Deulofeu;pat.;;-Mariol, gol. Jovan Miguel, pat. Deulofeu: en;;Jovan Miguel;gol.;1895_12_27;null
;;;Bosch;pat.;;Granadillo, gol. Tres Hermanas, pat. Bosch: con;;Tres Hermanas;gol.;1895_12_27;Granadillo
;;N/A: ;Boria;pat.;;Jaruco gal. Carmita, pat. Boria: con 78 sacos;;Carmita;gal.;1895_12_27;Jaruco
;;N/A: ;Pujol;pat.;;-Arroyos, gol. N, Hi ario, pat. Pujol: con 500 sacos carbón.;;N;gol.;1895_12_27;Arroyos
;;;Estévez;pat.;;-Bahfe Honda, gol. Marfa del Carmen, pat. Estévez: en lastre.;;Marfa del Carmen;gol.;1895_12_27;Bahfe Honda
Dia 28:;;N/A: ;Planas;pat.;;Dia 28: De Mulata gol. M. reedita, pat. Planas: con made789;;M. reedita;gol.;1895_12_29;Mulata
;;N/A: ;Suau;pat.;;-Cabañas g 1. Rosita, pat. Suau: con 50 bocoyes;;Rosita;g;1895_12_29;Cabañas
;;;Marante;pat.;;Mariel gol. Maris Magdalena, pat. Marante: con;;Maris Magdalena;gol.;1895_12_29;
Día 01:;;N/A: ;;;;-Jibacoa gol. 1 de Vinaroz: con 23 cerdos.;;1;gol.;1895_12_29;Vinaroz
Día 30:;;N/A:  | N/A:  | N/A:  | N/A:  | N/A:  | N/A:  | N/A: ;;;;Dia 30: -Cárdenas, gol. P. Canaepción, cap. Ferrer, con 800 sacos azúcar, 100 bles. azúcar. -Sagua, gol. María, pat. Pino, en lastre. -Carahatas, gol. 3 Heruanas, pat Fiol, 50 bocoyes miel. -Cayo Romano, gol. Aguila, pat. Alemany, 1500 Sacas carbón. Batabanó, gol. Mascota, pat. Enseñat, 2000 sacos carbón. -Arroyos, vap. Praviano, cap. PPlanell. 70 a. lana. -Caibarién, vap. Alava, cop. Paig, coa 15013 tabaco.;;;;1895_12_31;
